; HEADER_BLOCK_START
; generated by OrcaSlicer 2.1.1 on 2024-11-23 at 08:06:36
; total layer number: 15
; filament_density: 1.24
; filament_diameter: 1.75
; max_z_height: 3.00
; HEADER_BLOCK_END

; THUMBNAIL_BLOCK_START

;
; thumbnail begin 96x96 820
; iVBORw0KGgoAAAANSUhEUgAAAGAAAABgCAYAAADimHc4AAACLElEQVR4Ae3bXytkcRjA8XOxN9KuZY
; tJzbKr3fZqJUkSaUoi5ZbyZ0JorpRIQiPlT8oFV67mpcxL8VIOz/ArphkZOnOe5/f7fuq54oLne5zj
; nJmJIgAAAAAAAAAAAACA8+VHR2/L376J9tmpYmd+oVRr5GvyPRE+Txb+dWQoL4vt3imU++6u40am5+
; zwniAfIIuXxTW68PfEiFBfEosnxDvJqUaWk+Tyq0Nwanomy2/W4olQJa3lv5xgIyR9vifCG+SCq2X5
; bqKQaDr63cjpMAqBxqNfRm72ohBouPDWmyCuBR95rNCsCeImjQBNUu/pZTPveBsd+fkiqz779FLDmL
; wQu4domo9sLwO4I96HxZsLIMv3afGmAvi6fBMBfF6++gBaHyEEE8Dqv5ZeBJAbKkuL9C5ACEe/2gAh
; nPtVB9D8+JgABEgeAVJGgJQRIGUt//7kf99emlqkdwGyJ/umFuldgExhzdQivQogJEDP+bGpZXoXIF
; NYfYxwZGqh3gRoy42XJIDvEVQ/jnYBfI6gOkBbbqz0MkK2uBf/ur0wtWDTAUTH3HTZBejaWK6MTyFM
; vCjvIrgAr0Lc2A5h5m0pEqE6QGXWFit/Hd3bW3H2eDfuvTohQFJaB/uLtQLUmszmSpzZeJqfpwdqp2
; t9yd5bE1+FqBOgc2XexHyfytn9kEYlBAF0aB34X2yfmSwTQCH5JbXOt9Fhu58PAAAAAAAAAAAAAAAA
; AAAAAIBUPABnWXCOrWZpDwAAAABJRU5ErkJggg==
; thumbnail end
; THUMBNAIL_BLOCK_END

; THUMBNAIL_BLOCK_START

;
; thumbnail begin 300x300 2404
; iVBORw0KGgoAAAANSUhEUgAAASwAAAEsCAYAAAB5fY51AAAG0ElEQVR4Ae3dXYuUZRzH8RuqgzALDX
; W1xC2hwyJCQoKQICQpPOuBMpfVTKRCkKQDkbXAih4O6qgjX8q+lH0pU9fEyK47u3vPPU/3/399PvA9
; rdBrfl2j98w2DQAAAAAAAAAAAAAAAAAAAAAAAAAAAAAAAAAAAAAAAAAAAAAAAAAAAAAAAAAAAAAAAA
; AAAAAAAAAAAAAAAAAAAAAAAAAAAAC98vSLR1effe3shVnWAEyrjFPp8Plza8fXPnt09p8/B/PqzMN7
; W+XfceTDixtGDDjQ6PZURuPUnVub8xyoNgNW/hsMGDC0/fa07IFqO2JlwEoNkNci394tcsC8jYREyk
; iVF3R5cUcao2luYA0Qy+g2VcNQGS4IquahGjdc5deiAfqnvDgj/OG54YKKGar2w+UP52FJyts/Q2W4
; oNcM1Wwqv4bl17IBZs9QGS4Iofw1faQRiJg/mIcZMFZGC0IwVkYLQjBWRgtCMFbLr3ywugH2Z6yMFv
; Te6JsVIr2gjRZUyFgZLQjBWBktCMFYxao8Fd9AjYyV0YIwsny3eo35RlOqUm5XkV6g2l0DtShPUkd6
; cWp3noanCuV25TvXc9RAdm5XeXLLIjVfwpcrf2NIauW7xCO9IHVwvh+etNyu8uUJeFJyu8qbWxbpuF
; 3lzS2LVDwomj8/eYc0fAwnf25ZpOB2VU8NROdB0XryICnhGSyDBWEYLIMFYRgsgwVhGCyDBWEYLIMF
; YRgsgwVLUZ6pKp8bK9/pXT5q0yZf1ldP5eFRT7yzNOXwlf9rloPos4Bqk8FiIcpB2z5QkV4k6k8Gi7
; l48u1dpBeF+pvBYmbKYfL2TvPMYDE1P2VZi8pg0Zmh0qIzWEzMUGlZGSxaM1RadgaLAxkq9SWDxZ4M
; lfqWwWIXQ6W+ZrDYwVCpzxksHjNW6nsGiyFjpQgZLIyVwmSwKmesFCmDVTFjpWgZrAp5bEFRM1iVMV
; aKnMGqiLFS9AxWJYyVMmSwKmCslCWDlVz5DfaVxcqSwUqu/CCISAdS2i+DlZzblTJlsBJzu1K2DFZi
; blfKlsFKqvzGRjqIUpsMVlJ+HLwyZrAScrtS1gxWQm5XyprBSsbtSpkzWMkcPn9uLdIBlCbJYCVSfj
; PPPLy3FekASpNksBJxu1L2DFYiHhRV9gxWIpEOntQlg5VIpIMndclgJRLp4EldMliJRDp4UpcMViKR
; Dp7UJYOVSKSDJ3XJYCUS6eBJXTJYiUQ6eFKXDFYikQ6e1CWDlUikgyd1yWAlEungSV0yWIlEOnhSlw
; xWIpEOntQlg5XIq3//GurwSZNmsBI5/eCHUIdPmjSDlcjKrWuhDp80aQYrkTJYZ36+H+oASpNksBIp
; g3Xy9s1QB1CaJIOVSBkstyxlzmAlMhqsl+5+F+oQSm0zWImMBqu0+sdPoQ6i1CaDlcj2wXr53p1QB1
; Fqk8FKZPtguWUpYwYrkScHyy1L2TJYiTw5WCUf11GmDFYi4wbLLUuZMliJjBssH9dRpgxWIi+89+6j
; cYN18vbX/701/CXUwZTGZbCSGX/LWh+Olr81VPQMVjLjb1nrRkspMlgJ7TVYRkvRM1gJHb18aXOvwT
; JaipzBSmq/wTJaiprBSmrnLWt9z4yWImWwEmszWEZLkTJYiR278slWm8EyWoqSwUqu7WAZLUXIYCU3
; yWAZLfU9g5Xc/w+Sth+sEzfXBivfXB+s/v5jqIOsOjJYFZh0sE7c+HKY4VLfMliV6DJYo07duTV4xY
; en1YMMVkW6DpbhUl8yWJWZZrAMl5adwarQtIM16vTGXcOlhWawKjWLwdo+XJEOveJmsCo2q8HaceP6
; y41L88tgVW6WgzXs+hfDf86p2zcHp+9/P1j97UGoF4T6ncGiOXbl461ZDtaJa7sr/2wDpmkzWAwdvf
; zB5jwHa68BK3kbqbYZLB4ro7WowRo3YN5G6qAMFjsc+eji5jIGa1frnw+OX/10305++1WoF5sMFnMS
; YbBWblwd/mRr1dNTzx1abWAvfR4s1ZfBohWDpT5ksGjt0FtvbBgsLTODxcT2HS6DpTlmsOhs7HAZLM
; 0xg8XUdgyXwdIcM1jMzHC4DJbmmMFiLg69+frGkUvvbxoszTKDxcKUETNYmiaDxdLsewszWBqTwaJX
; Hg+YwdKYDBZhPbNy/EKkF5sMFhUrh/f5d95+pHoyWAAAAAAAAAAAAAAAAAAAAAAAAAAAAAAAAAAAAA
; AAAAAAAAAAAAAAAAAAAAAAAAAAAAAAAAAAAAAAAAAAAAAAAAAAAAAAAAAAAAAAAAAAAAAAAAAAAAAA
; AAAAAAAAAAAAAAAAAAAAAAAAAAAAAADk9S+eNymVkxHykwAAAABJRU5ErkJggg==
; thumbnail end
; THUMBNAIL_BLOCK_END

; external perimeters extrusion width = 0.42mm
; perimeters extrusion width = 0.45mm
; infill extrusion width = 0.45mm
; solid infill extrusion width = 0.45mm
; top infill extrusion width = 0.42mm
; first layer extrusion width = 0.50mm

; EXECUTABLE_BLOCK_START
EXCLUDE_OBJECT_DEFINE NAME=Incredible_Jarv-Jaban.stl_id_0_copy_0 CENTER=110,110 POLYGON=[[93,115.642],[93.489,112.552],[94.91,109.764],[95.716,108.5],[109.858,94.358],[124,108.5],[125.09,109.764],[126.511,112.552],[127,115.642],[126.511,118.732],[125.09,121.52],[122.878,123.732],[120.09,125.153],[117,125.642],[103,125.642],[99.91,125.153],[97.122,123.732],[94.91,121.52],[93.489,118.732],[93,115.642]]
M73 P0 R3
;TYPE:Custom
SET_GCODE_VARIABLE MACRO=PRINTER_PARAM VARIABLE=fan0_min VALUE=30 ;compensate for fan speed
SET_VELOCITY_LIMIT ACCEL_TO_DECEL=2500 ;revert accel_to_decel back to 2500
M220 S100 ;Reset Feedrate
M221 S100 ;Reset Flowrate

M140 S55 ;Set bed temp
G28 X Y ;Home XY axes
M190 S55 ;Wait for bed temp to stabilize
G28 Z ;Home Z axis & load bed mesh
BED_MESH_CALIBRATE PROBE_COUNT=6,6 ;Auto bed level

M104 S220 ;Set nozzle temp
G92 E0 ;Reset Extruder
G1 X-2.0 Y20 Z0.3 F5000.0 ;Move to start position
M109 S220 ;Wait for nozzle temp to stabilize
G1 Z0.2 ;Lower nozzle to printing height
G1 Y145.0 F1500.0 E15 ;Draw the first line
G1 X-1.7 F5000.0 ;Move to side a little
G1 Y30 F1500.0 E15 ;Draw the second line
G92 E0 ;Reset Extruder
G90
G21
M83 ; use relative distances for extrusion
; filament start gcode
M106 S0
;LAYER_CHANGE
;Z:0.2
;HEIGHT:0.2
;BEFORE_LAYER_CHANGE
;0.2
G92 E0

M73 P2 R3
G1 E-.5 F1800
;_SET_FAN_SPEED_CHANGING_LAYER
SET_VELOCITY_LIMIT ACCEL=1000
SET_VELOCITY_LIMIT SQUARE_CORNER_VELOCITY=7
; printing object Incredible Jarv-Jaban.stl id:0 copy 0
EXCLUDE_OBJECT_START NAME=Incredible_Jarv-Jaban.stl_id_0_copy_0
G1 Z.2 F24000
M73 P4 R3
G1 X109.976 Y121.835
G1 Z.2
G1 E.5 F1800
;TYPE:Inner wall
;WIDTH:0.499999
M73 P5 R3
G1 F3000
G1 X109.742 Y121.874 E.00881
G1 X109.515 Y122.024 E.01015
G1 X108.427 Y123.112 E.0573
G1 X105.853 Y124.424 E.10762
G1 X103 Y124.876 E.10759
G1 X100.147 Y124.424 E.10759
G1 X97.573 Y123.112 E.10762
G1 X95.53 Y121.069 E.10759
G1 X94.218 Y118.495 E.10762
G1 X93.767 Y115.642 E.10759
G1 X94.218 Y112.789 E.10759
G1 X95.53 Y110.215 E.10762
G1 X96.57 Y109.174 E.05479
G1 X96.719 Y108.861 E.01293
G1 X96.65 Y108.636 E.00875
G1 X109.858 Y95.429 E.6957
G1 X123.226 Y108.796 E.70412
G1 X123.209 Y108.913 E.00438
G1 X123.327 Y109.072 E.00739
G1 X124.47 Y110.215 E.06019
G1 X125.782 Y112.789 E.10762
G1 X126.233 Y115.642 E.10759
G1 X125.782 Y118.495 E.10759
G1 X124.47 Y121.069 E.10762
M73 P6 R3
G1 X122.427 Y123.112 E.10759
G1 X119.853 Y124.424 E.10762
G1 X117 Y124.876 E.10759
G1 X114.147 Y124.424 E.10759
G1 X111.573 Y123.112 E.10762
G1 X110.552 Y122.091 E.05377
G1 X110.3 Y121.893 E.01193
G1 X110.042 Y121.825 E.00996
G1 X110.015 Y121.829 E.00099
G1 X109.997 Y122.28 F24000
;TYPE:Outer wall
G1 F3000
G1 X109.838 Y122.347 E.00642
G1 X108.699 Y123.486 E.05999
G1 X105.996 Y124.864 E.11301
G1 X103 Y125.338 E.11298
G1 X100.004 Y124.864 E.11298
G1 X97.301 Y123.486 E.11301
G1 X95.156 Y121.341 E.11298
G1 X93.778 Y118.638 E.11301
G1 X93.304 Y115.642 E.11298
G1 X93.778 Y112.646 E.11298
G1 X95.156 Y109.943 E.11301
G1 X96.208 Y108.891 E.05541
G1 X96.27 Y108.773 E.00497
G1 X96.208 Y108.567 E.008
G1 X96.14 Y108.5 E.00355
G1 X109.858 Y94.782 E.72257
G1 X123.631 Y108.556 E.72549
G1 X123.611 Y108.696 E.00527
G1 X123.65 Y108.749 E.00246
M73 P7 R3
G1 X124.844 Y109.943 E.06289
G1 X126.222 Y112.646 E.11301
G1 X126.696 Y115.642 E.11298
G1 X126.222 Y118.638 E.11298
G1 X124.844 Y121.341 E.11301
G1 X122.699 Y123.486 E.11298
G1 X119.996 Y124.864 E.11301
G1 X117 Y125.338 E.11298
G1 X114.004 Y124.864 E.11298
G1 X111.301 Y123.486 E.11301
G1 X110.162 Y122.347 E.05999
G1 X110.034 Y122.295 E.00512
G1 E-.5 F1800
;WIPE_START
G1 F12000
G1 X109.838 Y122.347
G1 X108.699 Y123.486
G1 X108.533 Y123.571
;WIPE_END
G1 Z.4 F24000
G1 X124.481 Y110.538
G1 Z.4
G1 Z.2
G1 E.5 F1800
;TYPE:Bottom surface
;WIDTH:0.502486
G1 F6300
G1 X109.857 Y95.914 E.77449
G1 X109.532 Y96.239 E.01721
G1 X124.686 Y111.393 E.80255
G1 X125.361 Y112.719 E.05572
G1 X109.207 Y96.564 E.85554
G1 X108.882 Y96.889 E.01721
M73 P8 R3
G1 X125.558 Y113.565 E.88314
G1 X125.68 Y114.337 E.02927
G1 X108.557 Y97.214 E.90683
G1 X108.232 Y97.539 E.01721
G1 X125.802 Y115.109 E.93051
G1 X125.886 Y115.642 E.02021
G1 X125.859 Y115.816 E.00659
G1 X107.907 Y97.864 E.95073
G1 X107.582 Y98.189 E.01721
G1 X125.77 Y116.377 E.96324
G1 X125.681 Y116.938 E.02127
G1 X107.257 Y98.514 E.97574
M73 P9 R3
G1 X106.932 Y98.839 E.01721
G1 X125.593 Y117.499 E.98825
G1 X125.504 Y118.06 E.02127
G1 X106.607 Y99.164 E1.00076
G1 X106.283 Y99.489 E.01721
G1 X125.361 Y118.567 E1.01039
G1 X125.141 Y118.998 E.0181
G1 X105.958 Y99.814 E1.01598
G1 X105.633 Y100.139 E.01721
G1 X124.922 Y119.428 E1.02157
G1 X124.702 Y119.859 E.0181
G1 X105.308 Y100.464 E1.02715
M73 P10 R3
G1 X104.983 Y100.789 E.01721
G1 X124.483 Y120.289 E1.03274
G1 X124.263 Y120.72 E.0181
G1 X104.658 Y101.114 E1.03833
G1 X104.333 Y101.439 E.01721
G1 X123.974 Y121.08 E1.04023
G1 X123.649 Y121.405 E.01721
G1 X104.008 Y101.764 E1.04023
G1 X103.683 Y102.089 E.01721
G1 X123.324 Y121.73 E1.04023
M73 P11 R3
G1 X122.999 Y122.055 E.01721
G1 X103.358 Y102.414 E1.04023
G1 X103.033 Y102.739 E.01721
G1 X122.674 Y122.38 E1.04023
G1 X122.349 Y122.705 E.01721
G1 X102.708 Y103.064 E1.04023
G1 X102.383 Y103.389 E.01721
G1 X121.96 Y122.965 E1.03681
G1 X121.529 Y123.185 E.0181
G1 X102.058 Y103.713 E1.03122
G1 X101.733 Y104.038 E.01721
G1 X121.099 Y123.404 E1.02563
M73 P12 R3
G1 X120.668 Y123.624 E.0181
G1 X101.408 Y104.363 E1.02004
G1 X101.083 Y104.688 E.01721
G1 X120.238 Y123.843 E1.01445
G1 X119.807 Y124.063 E.0181
G1 X100.758 Y105.013 E1.00886
G1 X100.433 Y105.338 E.01721
G1 X119.265 Y124.17 E.99734
G1 X118.704 Y124.259 E.02127
G1 X100.108 Y105.663 E.98483
M73 P13 R3
G1 X99.783 Y105.988 E.01721
G1 X118.143 Y124.348 E.97232
G1 X117.582 Y124.436 E.02127
G1 X99.458 Y106.313 E.95982
G1 X99.133 Y106.638 E.01721
G1 X117.02 Y124.525 E.94731
G1 X116.256 Y124.411 E.02895
G1 X98.808 Y106.963 E.92403
G1 X98.483 Y107.288 E.01721
G1 X115.484 Y124.288 E.90035
G1 X114.712 Y124.166 E.02927
G1 X98.158 Y107.613 E.87667
M73 P14 R3
G1 X97.833 Y107.938 E.01721
G1 X113.714 Y123.819 E.84105
M73 P14 R2
G1 X112.389 Y123.143 E.05572
G1 X97.509 Y108.263 E.78806
G1 X97.184 Y108.588 E.01721
G1 X110.083 Y121.488 E.68319
G1 X109.912 Y121.483 E.00642
G1 X109.614 Y121.554 E.01148
G1 X109.542 Y121.596 E.00312
G1 X97.011 Y109.066 E.66362
G1 X96.982 Y109.157 E.0036
G1 X96.865 Y109.353 E.00855
G1 X96.757 Y109.462 E.00571
G1 X109.179 Y121.883 E.65787
G1 X108.853 Y122.207 E.01721
G1 X96.434 Y109.788 E.65771
G1 X96.111 Y110.115 E.01721
M73 P15 R2
G1 X108.527 Y122.531 E.65754
G1 X108.193 Y122.847 E.01722
G1 X95.795 Y110.449 E.65658
G1 X95.576 Y110.88 E.0181
G1 X107.762 Y123.066 E.6454
G1 X107.332 Y123.286 E.0181
G1 X95.356 Y111.31 E.63422
G1 X95.137 Y111.741 E.0181
G1 X106.901 Y123.505 E.62304
G1 X106.471 Y123.724 E.0181
G1 X94.918 Y112.171 E.61186
G1 X94.698 Y112.602 E.0181
G1 X106.04 Y123.944 E.60068
G1 X105.746 Y124.094 E.01237
G1 X105.568 Y124.122 E.00673
M73 P16 R2
G1 X94.52 Y113.074 E.58513
G1 X94.431 Y113.635 E.02128
G1 X105.007 Y124.211 E.56012
G1 X104.446 Y124.3 E.02127
G1 X94.342 Y114.196 E.5351
G1 X94.254 Y114.757 E.02127
G1 X103.885 Y124.388 E.51009
G1 X103.324 Y124.477 E.02127
G1 X94.165 Y115.318 E.48507
G1 X94.114 Y115.642 E.01228
G1 X94.165 Y115.968 E.01237
G1 X102.674 Y124.477 E.45061
G1 X101.902 Y124.355 E.02927
G1 X94.287 Y116.74 E.40325
G1 X94.41 Y117.513 E.02927
G1 X101.129 Y124.232 E.35588
G1 X100.357 Y124.11 E.02927
G1 X94.532 Y118.285 E.30852
M73 P17 R2
G1 X94.548 Y118.388 E.00391
G1 X95.133 Y119.536 E.04827
G1 X99.106 Y123.509 E.21037
G1 X97.78 Y122.833 E.05572
G1 X95.338 Y120.391 E.12933
; stop printing object Incredible Jarv-Jaban.stl id:0 copy 0
M106 S255
;LAYER_CHANGE
;Z:0.4
;HEIGHT:0.2
;BEFORE_LAYER_CHANGE
;0.4
G92 E0

G1 E-.5 F1800
;WIPE_START
G1 F12000
G1 X96.752 Y121.805
;WIPE_END
EXCLUDE_OBJECT_END NAME=Incredible_Jarv-Jaban.stl_id_0_copy_0
;_SET_FAN_SPEED_CHANGING_LAYER
SET_VELOCITY_LIMIT ACCEL=5000
M140 S55 ; set bed temperature
; printing object Incredible Jarv-Jaban.stl id:0 copy 0
EXCLUDE_OBJECT_START NAME=Incredible_Jarv-Jaban.stl_id_0_copy_0
G1 Z.4 F24000
G1 X110.029 Y122.009 Z.4
G1 E.5 F1800
;TYPE:Inner wall
;WIDTH:0.449999
G1 F13265.237
G1 X109.824 Y122.026 E.00681
G1 X109.589 Y122.169 E.00912
G1 X108.52 Y123.239 E.05019
G1 X105.902 Y124.573 E.09748
G1 X103 Y125.032 E.09745
G1 X100.098 Y124.573 E.09745
G1 X97.48 Y123.239 E.09748
G1 X95.403 Y121.162 E.09745
G1 X94.069 Y118.544 E.09748
G1 X93.61 Y115.642 E.09745
G1 X94.069 Y112.74 E.09745
G1 X95.403 Y110.122 E.09748
G1 X96.413 Y109.113 E.04737
G1 X96.545 Y108.841 E.01001
G1 X96.471 Y108.597 E.00848
G1 X109.858 Y95.209 E.62803
G1 X123.39 Y108.741 E.6348
G1 X123.372 Y108.863 E.00409
G1 X123.472 Y108.998 E.00556
G1 X124.597 Y110.122 E.05277
G1 X125.931 Y112.74 E.09748
G1 X126.39 Y115.642 E.09745
G1 X125.931 Y118.544 E.09745
G1 X124.597 Y121.162 E.09748
G1 X122.52 Y123.239 E.09745
G1 X119.902 Y124.573 E.09748
G1 X117 Y125.032 E.09745
G1 X114.098 Y124.573 E.09745
G1 X111.48 Y123.239 E.09748
G1 X110.356 Y122.115 E.05274
G1 X110.079 Y122.004 E.0099
G1 X110.069 Y122.005 E.00033
G1 X110.011 Y122.391 F24000
SET_VELOCITY_LIMIT ACCEL=4000
;TYPE:Outer wall
;WIDTH:0.419999
G1 F12000
G1 X109.867 Y122.446 E.00476
G1 X108.753 Y123.56 E.04839
G1 X106.024 Y124.951 E.09411
G1 X103 Y125.429 E.09408
G1 X99.976 Y124.951 E.09408
M73 P18 R2
G1 X97.247 Y123.56 E.09411
G1 X95.082 Y121.395 E.09408
G1 X93.691 Y118.666 E.09411
G1 X93.213 Y115.642 E.09408
G1 X93.691 Y112.618 E.09408
G1 X95.082 Y109.889 E.09411
G1 X96.149 Y108.822 E.04638
G1 X96.109 Y108.596 E.00706
G1 X96.013 Y108.5 E.00416
G1 X109.858 Y94.655 E.60163
G1 X123.738 Y108.535 E.60313
G1 X123.717 Y108.677 E.00441
G1 X123.749 Y108.72 E.00167
G1 X124.918 Y109.889 E.05078
G1 X126.309 Y112.618 E.09411
G1 X126.787 Y115.642 E.09408
G1 X126.309 Y118.666 E.09408
G1 X124.918 Y121.395 E.09411
G1 X122.753 Y123.56 E.09408
G1 X120.024 Y124.951 E.09411
G1 X117 Y125.429 E.09408
G1 X113.976 Y124.951 E.09408
G1 X111.247 Y123.56 E.09411
G1 X110.165 Y122.478 E.04702
G1 X110.046 Y122.411 E.00418
G1 E-.5 F1800
;WIPE_START
G1 F12000
G1 X109.867 Y122.446
G1 X108.753 Y123.56
G1 X108.537 Y123.67
;WIPE_END
SET_VELOCITY_LIMIT ACCEL=5000
G1 Z.6 F24000
G1 X121.917 Y123.409
G1 Z.6
G1 Z.4
G1 E.5 F1800
;TYPE:Internal solid infill
;WIDTH:0.451054
G1 F13230.948
G1 X124.348 Y120.978 E.11432
G1 X124.948 Y119.801 E.04394
G1 X121.159 Y123.59 E.17819
G1 X119.982 Y124.19 E.04394
G1 X125.548 Y118.624 E.26177
G1 X125.637 Y118.448 E.00656
G1 X125.73 Y117.865 E.01964
G1 X119.223 Y124.372 E.30603
G1 X118.537 Y124.48 E.02309
G1 X125.838 Y117.179 E.34339
G1 X125.947 Y116.493 E.02309
G1 X117.851 Y124.589 E.38074
G1 X117.166 Y124.697 E.02309
G1 X126.055 Y115.808 E.4181
G1 X126.081 Y115.642 E.00558
G1 X126.022 Y115.264 E.01272
M73 P19 R2
G1 X116.622 Y124.664 E.44209
G1 X116.124 Y124.585 E.01678
G1 X125.943 Y114.766 E.46182
G1 X125.864 Y114.267 E.01678
G1 X115.625 Y124.506 E.48155
G1 X115.127 Y124.427 E.01678
G1 X125.785 Y113.769 E.50127
G1 X125.706 Y113.271 E.01678
G1 X114.629 Y124.348 E.521
G1 X114.194 Y124.279 E.01464
G1 X114.145 Y124.254 E.00182
G1 X125.612 Y112.787 E.53934
G1 X125.418 Y112.405 E.01427
G1 X113.763 Y124.06 E.54816
G1 X113.381 Y123.865 E.01427
G1 X125.223 Y112.023 E.55698
G1 X125.028 Y111.64 E.01427
G1 X112.998 Y123.67 E.56579
G1 X112.616 Y123.475 E.01427
G1 X124.833 Y111.258 E.57461
G1 X124.638 Y110.876 E.01427
G1 X112.234 Y123.28 E.58343
G1 X111.851 Y123.085 E.01427
G1 X124.443 Y110.493 E.59225
G1 X124.347 Y110.304 E.00707
G1 X124.201 Y110.158 E.00685
G1 X111.515 Y122.844 E.59667
G1 X111.225 Y122.557 E.01357
G1 X123.913 Y109.869 E.59678
G1 X123.625 Y109.58 E.01357
G1 X110.934 Y122.271 E.59689
G1 X110.644 Y121.984 E.01357
G1 X123.337 Y109.291 E.597
G1 X123.207 Y109.161 E.00609
G1 X123.086 Y108.985 E.00712
M73 P20 R2
G1 X123.09 Y108.961 E.0008
G1 X110.299 Y121.751 E.60159
G1 X110.118 Y121.701 E.00624
G1 X109.924 Y121.696 E.00647
G1 X109.731 Y121.742 E.00659
G1 X122.845 Y108.628 E.61679
G1 X122.556 Y108.34 E.01357
G1 X107.46 Y123.436 E.71005
G1 X106.283 Y124.036 E.04394
G1 X122.268 Y108.051 E.75184
G1 X121.979 Y107.763 E.01357
G1 X105.398 Y124.344 E.77988
G1 X104.712 Y124.452 E.02309
G1 X121.691 Y107.474 E.79855
G1 X121.402 Y107.185 E.01357
G1 X104.027 Y124.561 E.81723
G1 X103.341 Y124.669 E.02309
G1 X121.114 Y106.897 E.83591
G1 X120.825 Y106.608 E.01357
G1 X102.749 Y124.684 E.85016
G1 X102.251 Y124.605 E.01678
G1 X120.536 Y106.32 E.86002
G1 X120.248 Y106.031 E.01357
G1 X101.753 Y124.526 E.86988
G1 X101.254 Y124.447 E.01678
G1 X119.959 Y105.742 E.87975
G1 X119.671 Y105.454 E.01357
G1 X100.756 Y124.368 E.88961
G1 X100.258 Y124.289 E.01678
M73 P21 R2
G1 X119.382 Y105.165 E.89948
G1 X119.093 Y104.877 E.01357
G1 X99.861 Y124.109 E.90459
G1 X99.478 Y123.915 E.01427
G1 X118.805 Y104.588 E.90899
G1 X118.516 Y104.299 E.01357
G1 X99.096 Y123.72 E.9134
G1 X98.714 Y123.525 E.01427
G1 X118.228 Y104.011 E.91781
G1 X117.939 Y103.722 E.01357
G1 X98.331 Y123.33 E.92222
G1 X97.949 Y123.135 E.01427
G1 X117.65 Y103.434 E.92663
G1 X117.362 Y103.145 E.01357
G1 X97.59 Y122.917 E.92994
G1 X97.301 Y122.628 E.01357
G1 X117.073 Y102.856 E.92994
G1 X116.785 Y102.568 E.01357
G1 X97.013 Y122.34 E.92994
G1 X96.724 Y122.051 E.01357
G1 X116.496 Y102.279 E.92994
G1 X116.207 Y101.991 E.01357
G1 X96.436 Y121.762 E.92994
M73 P22 R2
G1 X96.147 Y121.474 E.01357
G1 X115.919 Y101.702 E.92994
G1 X115.63 Y101.413 E.01357
G1 X95.858 Y121.185 E.92994
G1 X95.653 Y120.98 E.00965
G1 X95.597 Y120.87 E.00412
G1 X115.342 Y101.125 E.92866
G1 X115.053 Y100.836 E.01357
G1 X95.402 Y120.487 E.92425
G1 X95.207 Y120.105 E.01427
G1 X114.764 Y100.548 E.91985
G1 X114.476 Y100.259 E.01357
G1 X95.012 Y119.723 E.91544
G1 X94.817 Y119.34 E.01427
G1 X114.187 Y99.97 E.91103
G1 X113.899 Y99.682 E.01357
G1 X94.623 Y118.958 E.90662
G1 X94.428 Y118.576 E.01427
G1 X113.61 Y99.393 E.90221
G1 X113.321 Y99.105 E.01357
G1 X94.31 Y118.116 E.89417
G1 X94.231 Y117.618 E.01678
G1 X113.033 Y98.816 E.8843
M73 P23 R2
G1 X112.744 Y98.528 E.01357
G1 X94.152 Y117.119 E.87444
G1 X94.074 Y116.621 E.01678
G1 X112.456 Y98.239 E.86457
G1 X112.167 Y97.95 E.01357
G1 X93.995 Y116.123 E.85471
G1 X93.923 Y115.618 E.01696
G1 X111.879 Y97.662 E.84453
G1 X111.59 Y97.373 E.01357
G1 X94.031 Y114.932 E.82586
G1 X94.14 Y114.246 E.02309
G1 X111.301 Y97.085 E.80718
G1 X111.013 Y96.796 E.01357
G1 X94.248 Y113.561 E.7885
G1 X94.357 Y112.875 E.02309
G1 X110.724 Y96.507 E.76982
G1 X110.436 Y96.219 E.01357
G1 X94.929 Y111.726 E.72935
G1 X95.529 Y110.549 E.04394
G1 X110.147 Y95.93 E.68755
G1 X109.858 Y95.642 E.01357
G1 X96.65 Y108.85 E.62123
; stop printing object Incredible Jarv-Jaban.stl id:0 copy 0
;LAYER_CHANGE
;Z:0.6
;HEIGHT:0.2
;BEFORE_LAYER_CHANGE
;0.6
G92 E0

G1 E-.5 F1800
;WIPE_START
G1 F12000
G1 X98.064 Y107.436
;WIPE_END
EXCLUDE_OBJECT_END NAME=Incredible_Jarv-Jaban.stl_id_0_copy_0
;_SET_FAN_SPEED_CHANGING_LAYER
; printing object Incredible Jarv-Jaban.stl id:0 copy 0
EXCLUDE_OBJECT_START NAME=Incredible_Jarv-Jaban.stl_id_0_copy_0
G1 Z.6 F24000
G1 X110.029 Y122.009 Z.6
M73 P24 R2
G1 E.5 F1800
;TYPE:Inner wall
;WIDTH:0.449999
G1 F13265.237
G1 X109.824 Y122.026 E.00681
G1 X109.589 Y122.169 E.00912
G1 X108.52 Y123.239 E.05019
G1 X105.902 Y124.573 E.09748
G1 X103 Y125.032 E.09745
G1 X100.098 Y124.573 E.09745
G1 X97.48 Y123.239 E.09748
G1 X95.403 Y121.162 E.09745
G1 X94.069 Y118.544 E.09748
G1 X93.61 Y115.642 E.09745
G1 X94.069 Y112.74 E.09745
G1 X95.403 Y110.122 E.09748
G1 X96.413 Y109.113 E.04737
G1 X96.545 Y108.841 E.01001
G1 X96.471 Y108.597 E.00848
G1 X109.858 Y95.209 E.62803
G1 X123.39 Y108.741 E.6348
G1 X123.372 Y108.863 E.00409
G1 X123.472 Y108.998 E.00556
G1 X124.597 Y110.122 E.05277
G1 X125.931 Y112.74 E.09748
G1 X126.39 Y115.642 E.09745
G1 X125.931 Y118.544 E.09745
G1 X124.597 Y121.162 E.09748
G1 X122.52 Y123.239 E.09745
G1 X119.902 Y124.573 E.09748
G1 X117 Y125.032 E.09745
G1 X114.098 Y124.573 E.09745
G1 X111.48 Y123.239 E.09748
G1 X110.356 Y122.115 E.05274
G1 X110.079 Y122.004 E.0099
G1 X110.069 Y122.005 E.00033
G1 X110.011 Y122.391 F24000
SET_VELOCITY_LIMIT ACCEL=4000
;TYPE:Outer wall
;WIDTH:0.419999
G1 F12000
G1 X109.867 Y122.446 E.00476
G1 X108.753 Y123.56 E.04839
G1 X106.024 Y124.951 E.09411
G1 X103 Y125.429 E.09408
G1 X99.976 Y124.951 E.09408
G1 X97.247 Y123.56 E.09411
G1 X95.082 Y121.395 E.09408
G1 X93.691 Y118.666 E.09411
G1 X93.213 Y115.642 E.09408
G1 X93.691 Y112.618 E.09408
G1 X95.082 Y109.889 E.09411
G1 X96.149 Y108.822 E.04638
G1 X96.109 Y108.596 E.00706
G1 X96.013 Y108.5 E.00416
G1 X109.858 Y94.655 E.60163
G1 X123.738 Y108.535 E.60313
G1 X123.717 Y108.677 E.00441
G1 X123.749 Y108.72 E.00167
M73 P25 R2
G1 X124.918 Y109.889 E.05078
G1 X126.309 Y112.618 E.09411
G1 X126.787 Y115.642 E.09408
G1 X126.309 Y118.666 E.09408
G1 X124.918 Y121.395 E.09411
G1 X122.753 Y123.56 E.09408
G1 X120.024 Y124.951 E.09411
G1 X117 Y125.429 E.09408
G1 X113.976 Y124.951 E.09408
G1 X111.247 Y123.56 E.09411
G1 X110.165 Y122.478 E.04702
G1 X110.046 Y122.411 E.00418
G1 E-.5 F1800
;WIPE_START
G1 F12000
G1 X109.867 Y122.446
G1 X108.753 Y123.56
G1 X108.537 Y123.67
;WIPE_END
SET_VELOCITY_LIMIT ACCEL=5000
G1 Z.8 F24000
G1 X124.588 Y110.374
G1 Z.8
G1 Z.6
G1 E.5 F1800
;TYPE:Internal solid infill
;WIDTH:0.454058
G1 F13134.277
G1 X109.857 Y95.643 E.69799
G1 X109.566 Y95.933 E.01377
G1 X124.773 Y111.141 E.72053
G1 X125.378 Y112.327 E.04459
G1 X109.275 Y96.224 E.76294
G1 X108.984 Y96.515 E.01377
G1 X125.7 Y113.23 E.79196
G1 X125.809 Y113.921 E.02343
G1 X108.694 Y96.806 E.81092
G1 X108.403 Y97.096 E.01377
G1 X125.918 Y114.612 E.82987
G1 X126.028 Y115.302 E.02343
G1 X108.112 Y97.387 E.84883
G1 X107.822 Y97.678 E.01377
G1 X126.041 Y115.897 E.86323
G1 X125.961 Y116.399 E.01703
G1 X107.531 Y97.968 E.87324
M73 P26 R2
G1 X107.24 Y98.259 E.01377
G1 X125.882 Y116.901 E.88325
G1 X125.803 Y117.403 E.01703
G1 X106.949 Y98.55 E.89326
G1 X106.659 Y98.841 E.01377
G1 X125.723 Y117.905 E.90327
G1 X125.644 Y118.407 E.01703
G1 X106.368 Y99.131 E.91328
G1 X106.077 Y99.422 E.01377
G1 X125.457 Y118.802 E.91821
G1 X125.261 Y119.187 E.01448
G1 X105.786 Y99.713 E.92268
G1 X105.496 Y100.003 E.01377
G1 X125.064 Y119.572 E.92716
G1 X124.868 Y119.957 E.01448
G1 X105.205 Y100.294 E.93163
G1 X104.914 Y100.585 E.01377
G1 X124.672 Y120.342 E.9361
G1 X124.475 Y120.728 E.01448
G1 X104.624 Y100.876 E.94058
G1 X104.333 Y101.166 E.01377
G1 X124.247 Y121.08 E.94351
G1 X123.956 Y121.371 E.01377
G1 X104.042 Y101.457 E.94351
M73 P27 R2
G1 X103.751 Y101.748 E.01377
G1 X123.665 Y121.662 E.94351
G1 X123.374 Y121.952 E.01377
G1 X103.461 Y102.039 E.94351
G1 X103.17 Y102.329 E.01377
G1 X123.084 Y122.243 E.94351
G1 X122.793 Y122.534 E.01377
G1 X102.879 Y102.62 E.94351
G1 X102.589 Y102.911 E.01377
G1 X122.502 Y122.824 E.94351
G1 X122.338 Y122.989 E.00779
G1 X122.171 Y123.074 E.00629
G1 X102.298 Y103.201 E.94156
G1 X102.007 Y103.492 E.01377
G1 X121.785 Y123.27 E.93709
G1 X121.4 Y123.467 E.01448
G1 X101.716 Y103.783 E.93262
G1 X101.426 Y104.074 E.01377
G1 X121.015 Y123.663 E.92814
G1 X120.63 Y123.859 E.01448
G1 X101.135 Y104.364 E.92367
G1 X100.844 Y104.655 E.01377
G1 X120.245 Y124.056 E.9192
M73 P28 R2
G1 X119.86 Y124.252 E.01448
G1 X100.554 Y104.946 E.91472
G1 X100.263 Y105.236 E.01377
G1 X119.374 Y124.348 E.90548
G1 X118.872 Y124.427 E.01703
G1 X99.972 Y105.527 E.89547
G1 X99.681 Y105.818 E.01377
G1 X118.37 Y124.507 E.88546
G1 X117.868 Y124.586 E.01703
G1 X99.391 Y106.109 E.87545
G1 X99.1 Y106.399 E.01377
G1 X117.366 Y124.665 E.86544
G1 X117 Y124.723 E.01242
G1 X116.813 Y124.694 E.00635
G1 X98.809 Y106.69 E.85301
G1 X98.519 Y106.981 E.01377
G1 X116.122 Y124.584 E.83406
G1 X115.431 Y124.475 E.02343
G1 X98.228 Y107.271 E.8151
G1 X97.937 Y107.562 E.01377
G1 X114.741 Y124.366 E.79615
G1 X114.194 Y124.279 E.01855
G1 X113.947 Y124.153 E.00929
G1 X97.646 Y107.853 E.77231
G1 X97.356 Y108.144 E.01377
G1 X112.761 Y123.549 E.7299
M73 P29 R2
G1 X111.662 Y122.989 E.04133
G1 X110.516 Y121.858 E.05395
G1 X110.462 Y121.831 E.00201
G1 X97.065 Y108.434 E.63474
G1 X96.797 Y108.702 E.0127
G1 X96.817 Y108.767 E.00228
G1 X109.78 Y121.731 E.61419
G1 X109.666 Y121.758 E.00392
G1 X109.399 Y121.931 E.01067
G1 X96.702 Y109.234 E.60158
G1 X96.422 Y109.535 E.01378
G1 X109.108 Y122.222 E.60106
G1 X108.817 Y122.512 E.01377
G1 X96.131 Y109.826 E.60104
G1 X95.84 Y110.117 E.01377
G1 X108.525 Y122.802 E.60102
G1 X108.338 Y122.989 E.00886
G1 X108.201 Y123.059 E.00516
G1 X95.583 Y110.441 E.59781
G1 X95.387 Y110.826 E.01448
G1 X107.816 Y123.255 E.58887
G1 X107.43 Y123.451 E.01448
G1 X95.191 Y111.212 E.57992
G1 X94.994 Y111.597 E.01448
G1 X107.045 Y123.648 E.57097
G1 X106.66 Y123.844 E.01448
G1 X94.798 Y111.982 E.56202
G1 X94.602 Y112.367 E.01448
G1 X106.275 Y124.04 E.55308
G1 X105.89 Y124.237 E.01448
G1 X94.405 Y112.752 E.54413
G1 X94.363 Y112.836 E.00315
G1 X94.301 Y113.229 E.01332
M73 P30 R2
G1 X105.413 Y124.341 E.52652
G1 X104.911 Y124.421 E.01703
G1 X94.221 Y113.731 E.5065
G1 X94.142 Y114.233 E.01703
G1 X104.409 Y124.5 E.48648
G1 X103.907 Y124.58 E.01703
G1 X94.062 Y114.735 E.46646
G1 X93.983 Y115.237 E.01703
G1 X103.405 Y124.659 E.44644
G1 X103 Y124.723 E.01375
G1 X102.867 Y124.702 E.00451
G1 X93.94 Y115.775 E.42297
G1 X94.049 Y116.466 E.02343
G1 X102.176 Y124.593 E.38507
G1 X101.486 Y124.484 E.02343
G1 X94.158 Y117.156 E.34716
G1 X94.268 Y117.847 E.02343
G1 X100.795 Y124.374 E.30925
G1 X100.194 Y124.279 E.02038
G1 X100.04 Y124.201 E.0058
G1 X94.441 Y118.602 E.26524
G1 X95.046 Y119.788 E.04459
G1 X98.854 Y123.596 E.18042
G1 X97.668 Y122.992 E.04459
G1 X95.231 Y120.555 E.11546
; stop printing object Incredible Jarv-Jaban.stl id:0 copy 0
;LAYER_CHANGE
;Z:0.8
;HEIGHT:0.2
;BEFORE_LAYER_CHANGE
;0.8
G92 E0

G1 E-.5 F1800
;WIPE_START
G1 F12000
G1 X96.645 Y121.969
;WIPE_END
EXCLUDE_OBJECT_END NAME=Incredible_Jarv-Jaban.stl_id_0_copy_0
;_SET_FAN_SPEED_CHANGING_LAYER
; printing object Incredible Jarv-Jaban.stl id:0 copy 0
EXCLUDE_OBJECT_START NAME=Incredible_Jarv-Jaban.stl_id_0_copy_0
G1 Z.8 F24000
G1 X110.029 Y122.009 Z.8
G1 E.5 F1800
;TYPE:Inner wall
;WIDTH:0.449999
G1 F13265.237
G1 X109.824 Y122.026 E.00681
G1 X109.589 Y122.169 E.00912
G1 X108.52 Y123.239 E.05019
G1 X105.902 Y124.573 E.09748
G1 X103 Y125.032 E.09745
G1 X100.098 Y124.573 E.09745
G1 X97.48 Y123.239 E.09747
G1 X95.403 Y121.162 E.09745
G1 X94.069 Y118.544 E.09748
G1 X93.61 Y115.642 E.09745
G1 X94.069 Y112.74 E.09745
G1 X95.403 Y110.122 E.09747
G1 X96.413 Y109.113 E.04737
G1 X96.545 Y108.841 E.01001
G1 X96.471 Y108.597 E.00848
G1 X109.858 Y95.209 E.62803
G1 X123.39 Y108.741 E.6348
G1 X123.372 Y108.863 E.00409
M73 P31 R2
G1 X123.472 Y108.998 E.00556
G1 X124.597 Y110.122 E.05277
G1 X125.931 Y112.74 E.09748
G1 X126.39 Y115.642 E.09745
G1 X125.931 Y118.544 E.09745
G1 X124.597 Y121.162 E.09747
G1 X122.52 Y123.239 E.09745
G1 X119.902 Y124.573 E.09748
G1 X117 Y125.032 E.09745
G1 X114.098 Y124.573 E.09745
G1 X111.48 Y123.239 E.09748
G1 X110.356 Y122.115 E.05274
G1 X110.079 Y122.004 E.0099
G1 X110.069 Y122.005 E.00033
G1 X110.011 Y122.391 F24000
SET_VELOCITY_LIMIT ACCEL=4000
;TYPE:Outer wall
;WIDTH:0.419999
G1 F12000
G1 X109.867 Y122.446 E.00476
G1 X108.753 Y123.56 E.04839
G1 X106.024 Y124.951 E.09411
G1 X103 Y125.429 E.09408
G1 X99.976 Y124.951 E.09408
G1 X97.247 Y123.56 E.09411
G1 X95.082 Y121.395 E.09408
G1 X93.691 Y118.666 E.09411
G1 X93.213 Y115.642 E.09408
G1 X93.691 Y112.618 E.09408
G1 X95.082 Y109.889 E.09411
G1 X96.149 Y108.822 E.04638
G1 X96.109 Y108.596 E.00706
G1 X96.013 Y108.5 E.00416
G1 X109.858 Y94.655 E.60163
G1 X123.738 Y108.535 E.60313
G1 X123.717 Y108.677 E.00441
G1 X123.749 Y108.72 E.00167
G1 X124.918 Y109.889 E.05078
G1 X126.309 Y112.618 E.09411
G1 X126.787 Y115.642 E.09408
G1 X126.309 Y118.666 E.09408
G1 X124.918 Y121.395 E.09411
G1 X122.753 Y123.56 E.09408
G1 X120.024 Y124.951 E.09411
G1 X117 Y125.429 E.09408
G1 X113.976 Y124.951 E.09408
G1 X111.247 Y123.56 E.09411
G1 X110.165 Y122.478 E.04702
G1 X110.046 Y122.411 E.00418
G1 E-.5 F1800
;WIPE_START
G1 F12000
G1 X109.867 Y122.446
G1 X108.753 Y123.56
G1 X108.537 Y123.67
;WIPE_END
SET_VELOCITY_LIMIT ACCEL=5000
G1 Z1 F24000
G1 X121.917 Y123.409
G1 Z1
G1 Z.8
M73 P32 R2
G1 E.5 F1800
;TYPE:Internal solid infill
;WIDTH:0.451054
G1 F13230.948
G1 X124.348 Y120.978 E.11432
G1 X124.948 Y119.801 E.04394
G1 X121.159 Y123.59 E.17819
G1 X119.982 Y124.19 E.04394
G1 X125.548 Y118.624 E.26177
G1 X125.637 Y118.448 E.00656
G1 X125.73 Y117.865 E.01964
G1 X119.223 Y124.372 E.30603
G1 X118.537 Y124.48 E.02309
G1 X125.838 Y117.179 E.34339
G1 X125.947 Y116.493 E.02309
G1 X117.851 Y124.589 E.38074
G1 X117.166 Y124.697 E.02309
G1 X126.055 Y115.808 E.4181
G1 X126.081 Y115.642 E.00558
G1 X126.022 Y115.264 E.01272
G1 X116.622 Y124.664 E.44209
G1 X116.124 Y124.585 E.01678
G1 X125.943 Y114.766 E.46182
G1 X125.864 Y114.267 E.01678
G1 X115.625 Y124.506 E.48155
G1 X115.127 Y124.427 E.01678
G1 X125.785 Y113.769 E.50127
G1 X125.706 Y113.271 E.01678
G1 X114.629 Y124.348 E.521
G1 X114.194 Y124.279 E.01464
G1 X114.145 Y124.254 E.00182
G1 X125.612 Y112.787 E.53934
G1 X125.418 Y112.405 E.01427
G1 X113.763 Y124.06 E.54816
G1 X113.381 Y123.865 E.01427
G1 X125.223 Y112.023 E.55698
G1 X125.028 Y111.64 E.01427
G1 X112.998 Y123.67 E.56579
G1 X112.616 Y123.475 E.01427
G1 X124.833 Y111.258 E.57461
G1 X124.638 Y110.876 E.01427
G1 X112.234 Y123.28 E.58343
G1 X111.851 Y123.085 E.01427
G1 X124.443 Y110.493 E.59225
M73 P33 R2
G1 X124.347 Y110.304 E.00707
G1 X124.201 Y110.158 E.00685
G1 X111.515 Y122.844 E.59667
G1 X111.225 Y122.557 E.01357
G1 X123.913 Y109.869 E.59678
G1 X123.625 Y109.58 E.01357
G1 X110.934 Y122.271 E.59689
G1 X110.644 Y121.984 E.01357
G1 X123.337 Y109.291 E.597
G1 X123.207 Y109.161 E.00609
G1 X123.086 Y108.985 E.00712
G1 X123.09 Y108.961 E.0008
G1 X110.299 Y121.751 E.60159
G1 X110.118 Y121.701 E.00624
G1 X109.924 Y121.696 E.00647
G1 X109.731 Y121.742 E.00659
G1 X122.845 Y108.628 E.61679
G1 X122.556 Y108.34 E.01357
G1 X107.46 Y123.436 E.71005
G1 X106.283 Y124.036 E.04394
G1 X122.268 Y108.051 E.75184
G1 X121.979 Y107.763 E.01357
G1 X105.398 Y124.344 E.77988
G1 X104.712 Y124.452 E.02309
G1 X121.691 Y107.474 E.79855
G1 X121.402 Y107.185 E.01357
G1 X104.027 Y124.561 E.81723
G1 X103.341 Y124.669 E.02309
G1 X121.114 Y106.897 E.83591
G1 X120.825 Y106.608 E.01357
G1 X102.749 Y124.684 E.85016
M73 P34 R2
G1 X102.251 Y124.605 E.01678
G1 X120.536 Y106.32 E.86002
G1 X120.248 Y106.031 E.01357
G1 X101.753 Y124.526 E.86988
G1 X101.254 Y124.447 E.01678
G1 X119.959 Y105.742 E.87975
G1 X119.671 Y105.454 E.01357
G1 X100.756 Y124.368 E.88961
G1 X100.258 Y124.289 E.01678
G1 X119.382 Y105.165 E.89948
G1 X119.093 Y104.877 E.01357
G1 X99.861 Y124.109 E.90459
G1 X99.478 Y123.915 E.01427
G1 X118.805 Y104.588 E.90899
G1 X118.516 Y104.299 E.01357
G1 X99.096 Y123.72 E.9134
G1 X98.714 Y123.525 E.01427
G1 X118.228 Y104.011 E.91781
G1 X117.939 Y103.722 E.01357
G1 X98.331 Y123.33 E.92222
G1 X97.949 Y123.135 E.01427
G1 X117.65 Y103.434 E.92663
G1 X117.362 Y103.145 E.01357
G1 X97.59 Y122.917 E.92994
M73 P35 R2
G1 X97.301 Y122.628 E.01357
G1 X117.073 Y102.856 E.92994
G1 X116.785 Y102.568 E.01357
G1 X97.013 Y122.34 E.92994
G1 X96.724 Y122.051 E.01357
G1 X116.496 Y102.279 E.92994
G1 X116.207 Y101.991 E.01357
G1 X96.436 Y121.762 E.92994
G1 X96.147 Y121.474 E.01357
G1 X115.919 Y101.702 E.92994
G1 X115.63 Y101.413 E.01357
G1 X95.858 Y121.185 E.92994
G1 X95.653 Y120.98 E.00965
G1 X95.597 Y120.87 E.00412
G1 X115.342 Y101.125 E.92866
G1 X115.053 Y100.836 E.01357
G1 X95.402 Y120.487 E.92425
G1 X95.207 Y120.105 E.01427
G1 X114.764 Y100.548 E.91985
G1 X114.476 Y100.259 E.01357
G1 X95.012 Y119.723 E.91544
G1 X94.817 Y119.34 E.01427
G1 X114.187 Y99.97 E.91103
M73 P36 R2
G1 X113.899 Y99.682 E.01357
G1 X94.623 Y118.958 E.90662
G1 X94.428 Y118.576 E.01427
G1 X113.61 Y99.393 E.90221
G1 X113.321 Y99.105 E.01357
G1 X94.31 Y118.116 E.89417
G1 X94.231 Y117.618 E.01678
G1 X113.033 Y98.816 E.8843
G1 X112.744 Y98.528 E.01357
G1 X94.152 Y117.119 E.87444
G1 X94.074 Y116.621 E.01678
G1 X112.456 Y98.239 E.86457
G1 X112.167 Y97.95 E.01357
G1 X93.995 Y116.123 E.85471
G1 X93.923 Y115.618 E.01696
G1 X111.879 Y97.662 E.84453
G1 X111.59 Y97.373 E.01357
G1 X94.031 Y114.932 E.82586
G1 X94.14 Y114.246 E.02309
G1 X111.301 Y97.085 E.80718
G1 X111.013 Y96.796 E.01357
G1 X94.248 Y113.561 E.7885
G1 X94.357 Y112.875 E.02309
G1 X110.724 Y96.507 E.76982
M73 P37 R2
G1 X110.436 Y96.219 E.01357
G1 X94.929 Y111.726 E.72935
G1 X95.529 Y110.549 E.04394
G1 X110.147 Y95.93 E.68755
G1 X109.858 Y95.642 E.01357
G1 X96.65 Y108.85 E.62123
; stop printing object Incredible Jarv-Jaban.stl id:0 copy 0
;LAYER_CHANGE
;Z:1
;HEIGHT:0.2
;BEFORE_LAYER_CHANGE
;1
G92 E0

G1 E-.5 F1800
;WIPE_START
G1 F12000
G1 X98.064 Y107.436
;WIPE_END
EXCLUDE_OBJECT_END NAME=Incredible_Jarv-Jaban.stl_id_0_copy_0
;_SET_FAN_SPEED_CHANGING_LAYER
; printing object Incredible Jarv-Jaban.stl id:0 copy 0
EXCLUDE_OBJECT_START NAME=Incredible_Jarv-Jaban.stl_id_0_copy_0
G1 Z1 F24000
G1 X110.029 Y122.009 Z1
G1 E.5 F1800
;TYPE:Inner wall
;WIDTH:0.449999
G1 F3459
G1 X109.824 Y122.026 E.00681
G1 X109.589 Y122.169 E.00912
G1 X108.52 Y123.239 E.05019
G1 X105.902 Y124.573 E.09748
G1 X103 Y125.032 E.09745
G1 X100.098 Y124.573 E.09745
G1 X97.48 Y123.239 E.09748
G1 X95.403 Y121.162 E.09745
G1 X94.069 Y118.544 E.09748
G1 X93.61 Y115.642 E.09745
G1 X94.069 Y112.74 E.09745
G1 X95.403 Y110.122 E.09748
G1 X96.413 Y109.113 E.04737
G1 X96.545 Y108.841 E.01001
G1 X96.471 Y108.597 E.00848
G1 X109.858 Y95.209 E.62803
G1 X123.39 Y108.741 E.6348
G1 X123.372 Y108.863 E.00409
G1 X123.472 Y108.998 E.00556
M73 P38 R2
G1 X124.597 Y110.122 E.05277
G1 X125.931 Y112.74 E.09748
G1 X126.39 Y115.642 E.09745
G1 X125.931 Y118.544 E.09745
G1 X124.597 Y121.162 E.09748
G1 X122.52 Y123.239 E.09745
G1 X119.902 Y124.573 E.09748
G1 X117 Y125.032 E.09745
G1 X114.098 Y124.573 E.09745
G1 X111.48 Y123.239 E.09748
G1 X110.356 Y122.115 E.05274
G1 X110.079 Y122.004 E.0099
G1 X110.069 Y122.005 E.00033
G1 X110.011 Y122.391 F24000
SET_VELOCITY_LIMIT ACCEL=4000
;TYPE:Outer wall
;WIDTH:0.419999
G1 F3459
G1 X109.867 Y122.446 E.00476
G1 X108.753 Y123.56 E.04839
G1 X106.024 Y124.951 E.09411
G1 X103 Y125.429 E.09408
G1 X99.976 Y124.951 E.09408
G1 X97.247 Y123.56 E.09411
G1 X95.082 Y121.395 E.09408
G1 X93.691 Y118.666 E.09411
G1 X93.213 Y115.642 E.09408
G1 X93.691 Y112.618 E.09408
G1 X95.082 Y109.889 E.09411
G1 X96.149 Y108.822 E.04638
G1 X96.109 Y108.596 E.00706
G1 X96.013 Y108.5 E.00416
G1 X109.858 Y94.655 E.60163
G1 X123.738 Y108.535 E.60313
G1 X123.717 Y108.677 E.00441
G1 X123.749 Y108.72 E.00167
G1 X124.918 Y109.889 E.05078
G1 X126.309 Y112.618 E.09411
G1 X126.787 Y115.642 E.09408
G1 X126.309 Y118.666 E.09408
M73 P39 R2
G1 X124.918 Y121.395 E.09411
G1 X122.753 Y123.56 E.09408
G1 X120.024 Y124.951 E.09411
G1 X117 Y125.429 E.09408
G1 X113.976 Y124.951 E.09408
G1 X111.247 Y123.56 E.09411
G1 X110.165 Y122.478 E.04702
G1 X110.046 Y122.411 E.00418
G1 E-.5 F1800
;WIPE_START
G1 F12000
G1 X109.867 Y122.446
G1 X108.753 Y123.56
G1 X108.537 Y123.67
;WIPE_END
SET_VELOCITY_LIMIT ACCEL=5000
G1 Z1.2 F24000
G1 X94.439 Y118.598
G1 Z1.2
G1 Z1
G1 E.5 F1800
;TYPE:Sparse infill
;WIDTH:0.45
G1 F3459
G1 X95.179 Y120.049 E.05401
G1 X98.593 Y123.463 E.16019
G1 X100.194 Y124.279 E.05959
G1 X103 Y124.723 E.09424
G1 X103.862 Y124.587 E.02894
G1 X94.055 Y114.78 E.46006
G1 X94.363 Y112.836 E.0653
G1 X95.002 Y111.582 E.04669
G1 X107.06 Y123.64 E.56567
G1 X108.338 Y122.989 E.04758
G1 X109.452 Y121.887 E.05197
G1 X96.739 Y109.174 E.59642
G1 X96.782 Y109.097 E.00292
G1 X96.851 Y108.882 E.00751
G1 X96.797 Y108.702 E.00621
G1 X98.605 Y106.895 E.08481
G1 X116.327 Y124.617 E.83138
G1 X117 Y124.723 E.02261
M73 P40 R2
G1 X119.806 Y124.279 E.09424
G1 X120.023 Y124.168 E.00809
G1 X100.677 Y104.822 E.90758
G1 X102.75 Y102.75 E.09723
G1 X122.663 Y122.663 E.9342
G1 X124.347 Y120.98 E.07897
G1 X124.61 Y120.464 E.01919
G1 X104.822 Y100.677 E.92827
G1 X105.974 Y99.526 E.05401
G1 X125.098 Y111.778 F24000
M73 P41 R2
G1 F3459
G1 X125.637 Y112.836 E.0394
G1 X125.706 Y113.271 E.01461
G1 X108.967 Y96.532 E.78526
G1 X106.895 Y98.605 E.09723
G1 X125.788 Y117.498 E.88631
G1 X126.042 Y115.889 E.05401
; stop printing object Incredible Jarv-Jaban.stl id:0 copy 0
;LAYER_CHANGE
;Z:1.2
;HEIGHT:0.2
;BEFORE_LAYER_CHANGE
;1.2
G92 E0

G1 E-.5 F1800
;WIPE_START
G1 F12000
G1 X125.788 Y117.498
G1 X125.525 Y117.235
;WIPE_END
EXCLUDE_OBJECT_END NAME=Incredible_Jarv-Jaban.stl_id_0_copy_0
;_SET_FAN_SPEED_CHANGING_LAYER
; printing object Incredible Jarv-Jaban.stl id:0 copy 0
EXCLUDE_OBJECT_START NAME=Incredible_Jarv-Jaban.stl_id_0_copy_0
G1 Z1.2 F24000
G1 X110.029 Y122.009 Z1.2
G1 E.5 F1800
;TYPE:Inner wall
;WIDTH:0.449999
G1 F3456
G1 X109.824 Y122.026 E.00681
G1 X109.589 Y122.169 E.00912
G1 X108.52 Y123.239 E.05019
G1 X105.902 Y124.573 E.09748
G1 X103 Y125.032 E.09745
G1 X100.098 Y124.573 E.09745
G1 X97.48 Y123.239 E.09748
G1 X95.403 Y121.162 E.09745
G1 X94.069 Y118.544 E.09748
G1 X93.61 Y115.642 E.09745
G1 X94.069 Y112.74 E.09745
G1 X95.403 Y110.122 E.09748
G1 X96.413 Y109.113 E.04737
G1 X96.545 Y108.841 E.01001
G1 X96.471 Y108.597 E.00848
G1 X109.858 Y95.209 E.62803
G1 X123.39 Y108.741 E.6348
G1 X123.372 Y108.863 E.00409
M73 P42 R2
G1 X123.472 Y108.998 E.00556
G1 X124.597 Y110.122 E.05277
G1 X125.931 Y112.74 E.09748
G1 X126.39 Y115.642 E.09745
G1 X125.931 Y118.544 E.09745
G1 X124.597 Y121.162 E.09748
G1 X122.52 Y123.239 E.09745
G1 X119.902 Y124.573 E.09748
G1 X117 Y125.032 E.09745
G1 X114.098 Y124.573 E.09745
G1 X111.48 Y123.239 E.09748
G1 X110.356 Y122.115 E.05274
G1 X110.079 Y122.004 E.0099
G1 X110.069 Y122.005 E.00033
G1 X110.011 Y122.391 F24000
SET_VELOCITY_LIMIT ACCEL=4000
;TYPE:Outer wall
;WIDTH:0.419999
G1 F3456
G1 X109.867 Y122.446 E.00476
G1 X108.753 Y123.56 E.04839
G1 X106.024 Y124.951 E.09411
G1 X103 Y125.429 E.09408
G1 X99.976 Y124.951 E.09408
G1 X97.247 Y123.56 E.09411
G1 X95.082 Y121.395 E.09408
G1 X93.691 Y118.666 E.09411
G1 X93.213 Y115.642 E.09408
G1 X93.691 Y112.618 E.09408
G1 X95.082 Y109.889 E.09411
G1 X96.149 Y108.822 E.04638
G1 X96.109 Y108.596 E.00706
G1 X96.013 Y108.5 E.00416
G1 X109.858 Y94.655 E.60163
G1 X123.738 Y108.535 E.60313
M73 P42 R1
G1 X123.717 Y108.677 E.00441
M73 P43 R1
G1 X123.749 Y108.72 E.00167
G1 X124.918 Y109.889 E.05078
G1 X126.309 Y112.618 E.09411
G1 X126.787 Y115.642 E.09408
G1 X126.309 Y118.666 E.09408
G1 X124.918 Y121.395 E.09411
G1 X122.753 Y123.56 E.09408
G1 X120.024 Y124.951 E.09411
G1 X117 Y125.429 E.09408
G1 X113.976 Y124.951 E.09408
G1 X111.247 Y123.56 E.09411
G1 X110.165 Y122.478 E.04702
G1 X110.046 Y122.411 E.00418
G1 E-.5 F1800
;WIPE_START
G1 F12000
G1 X109.867 Y122.446
G1 X108.753 Y123.56
G1 X108.537 Y123.67
;WIPE_END
SET_VELOCITY_LIMIT ACCEL=5000
G1 Z1.4 F24000
G1 X94.439 Y118.598
G1 Z1.4
G1 Z1.2
G1 E.5 F1800
;TYPE:Sparse infill
;WIDTH:0.45
G1 F3456
G1 X95.179 Y120.049 E.05401
G1 X98.593 Y123.463 E.16019
G1 X100.194 Y124.279 E.05959
G1 X103 Y124.723 E.09424
G1 X103.862 Y124.587 E.02894
G1 X94.055 Y114.78 E.46006
G1 X94.363 Y112.836 E.0653
G1 X95.002 Y111.582 E.04669
G1 X107.06 Y123.64 E.56567
G1 X108.338 Y122.989 E.04758
G1 X109.452 Y121.887 E.05197
M73 P44 R1
G1 X96.739 Y109.174 E.59642
G1 X96.782 Y109.097 E.00292
G1 X96.851 Y108.882 E.00751
G1 X96.797 Y108.702 E.00621
G1 X98.605 Y106.895 E.08481
G1 X116.327 Y124.617 E.83138
G1 X117 Y124.723 E.02261
G1 X119.806 Y124.279 E.09424
G1 X120.023 Y124.168 E.00809
G1 X100.677 Y104.822 E.90758
G1 X102.75 Y102.75 E.09723
G1 X122.663 Y122.663 E.9342
G1 X124.347 Y120.98 E.07897
G1 X124.61 Y120.464 E.01919
M73 P45 R1
G1 X104.822 Y100.677 E.92827
G1 X105.974 Y99.526 E.05401
G1 X125.098 Y111.778 F24000
G1 F3456
G1 X125.637 Y112.836 E.0394
G1 X125.706 Y113.271 E.01461
G1 X108.967 Y96.532 E.78526
G1 X106.895 Y98.605 E.09723
G1 X125.788 Y117.498 E.88631
G1 X126.042 Y115.889 E.05401
; stop printing object Incredible Jarv-Jaban.stl id:0 copy 0
;LAYER_CHANGE
;Z:1.4
;HEIGHT:0.2
;BEFORE_LAYER_CHANGE
;1.4
G92 E0

G1 E-.5 F1800
;WIPE_START
G1 F12000
G1 X125.788 Y117.498
G1 X125.525 Y117.235
;WIPE_END
EXCLUDE_OBJECT_END NAME=Incredible_Jarv-Jaban.stl_id_0_copy_0
;_SET_FAN_SPEED_CHANGING_LAYER
; printing object Incredible Jarv-Jaban.stl id:0 copy 0
EXCLUDE_OBJECT_START NAME=Incredible_Jarv-Jaban.stl_id_0_copy_0
G1 Z1.4 F24000
G1 X110.029 Y122.009 Z1.4
G1 E.5 F1800
;TYPE:Inner wall
;WIDTH:0.449999
G1 F3456
G1 X109.824 Y122.026 E.00681
G1 X109.589 Y122.169 E.00912
G1 X108.52 Y123.239 E.05019
G1 X105.902 Y124.573 E.09748
G1 X103 Y125.032 E.09745
G1 X100.098 Y124.573 E.09745
M73 P46 R1
G1 X97.48 Y123.239 E.09748
G1 X95.403 Y121.162 E.09745
G1 X94.069 Y118.544 E.09748
G1 X93.61 Y115.642 E.09745
G1 X94.069 Y112.74 E.09745
G1 X95.403 Y110.122 E.09748
G1 X96.413 Y109.113 E.04737
G1 X96.545 Y108.841 E.01001
G1 X96.471 Y108.597 E.00848
G1 X109.858 Y95.209 E.62803
G1 X123.39 Y108.741 E.6348
G1 X123.372 Y108.863 E.00409
G1 X123.472 Y108.998 E.00556
G1 X124.597 Y110.122 E.05277
G1 X125.931 Y112.74 E.09748
G1 X126.39 Y115.642 E.09745
G1 X125.931 Y118.544 E.09745
G1 X124.597 Y121.162 E.09748
G1 X122.52 Y123.239 E.09745
G1 X119.902 Y124.573 E.09748
G1 X117 Y125.032 E.09745
G1 X114.098 Y124.573 E.09745
G1 X111.48 Y123.239 E.09748
G1 X110.356 Y122.115 E.05274
G1 X110.079 Y122.004 E.0099
G1 X110.069 Y122.005 E.00033
G1 X110.011 Y122.391 F24000
SET_VELOCITY_LIMIT ACCEL=4000
;TYPE:Outer wall
;WIDTH:0.419999
G1 F3456
G1 X109.867 Y122.446 E.00476
G1 X108.753 Y123.56 E.04839
G1 X106.024 Y124.951 E.09411
G1 X103 Y125.429 E.09408
G1 X99.976 Y124.951 E.09408
G1 X97.247 Y123.56 E.09411
G1 X95.082 Y121.395 E.09408
G1 X93.691 Y118.666 E.09411
G1 X93.213 Y115.642 E.09408
M73 P47 R1
G1 X93.691 Y112.618 E.09408
G1 X95.082 Y109.889 E.09411
G1 X96.149 Y108.822 E.04638
G1 X96.109 Y108.596 E.00706
G1 X96.013 Y108.5 E.00416
G1 X109.858 Y94.655 E.60163
G1 X123.738 Y108.535 E.60313
G1 X123.717 Y108.677 E.00441
G1 X123.749 Y108.72 E.00167
G1 X124.918 Y109.889 E.05078
G1 X126.309 Y112.618 E.09411
G1 X126.787 Y115.642 E.09408
G1 X126.309 Y118.666 E.09408
G1 X124.918 Y121.395 E.09411
G1 X122.753 Y123.56 E.09408
G1 X120.024 Y124.951 E.09411
G1 X117 Y125.429 E.09408
G1 X113.976 Y124.951 E.09408
G1 X111.247 Y123.56 E.09411
G1 X110.165 Y122.478 E.04702
G1 X110.046 Y122.411 E.00418
G1 E-.5 F1800
;WIPE_START
G1 F12000
G1 X109.867 Y122.446
G1 X108.753 Y123.56
G1 X108.537 Y123.67
;WIPE_END
SET_VELOCITY_LIMIT ACCEL=5000
G1 Z1.6 F24000
G1 X94.439 Y118.598
G1 Z1.6
G1 Z1.4
G1 E.5 F1800
;TYPE:Sparse infill
;WIDTH:0.45
G1 F3456
G1 X95.179 Y120.049 E.05401
G1 X98.593 Y123.463 E.16019
G1 X100.194 Y124.279 E.05959
G1 X103 Y124.723 E.09424
G1 X103.862 Y124.587 E.02894
G1 X94.055 Y114.78 E.46006
M73 P48 R1
G1 X94.363 Y112.836 E.0653
G1 X95.002 Y111.582 E.04669
G1 X107.06 Y123.64 E.56567
G1 X108.338 Y122.989 E.04758
G1 X109.452 Y121.887 E.05197
G1 X96.739 Y109.174 E.59642
G1 X96.782 Y109.097 E.00292
G1 X96.851 Y108.882 E.00751
G1 X96.797 Y108.702 E.00621
G1 X98.605 Y106.895 E.08481
G1 X116.327 Y124.617 E.83138
G1 X117 Y124.723 E.02261
G1 X119.806 Y124.279 E.09424
G1 X120.023 Y124.168 E.00809
G1 X100.677 Y104.822 E.90758
G1 X102.75 Y102.75 E.09723
G1 X122.663 Y122.663 E.9342
M73 P49 R1
G1 X124.347 Y120.98 E.07897
G1 X124.61 Y120.464 E.01919
G1 X104.822 Y100.677 E.92827
G1 X105.974 Y99.526 E.05401
G1 X125.098 Y111.778 F24000
G1 F3456
G1 X125.637 Y112.836 E.0394
G1 X125.706 Y113.271 E.01461
G1 X108.967 Y96.532 E.78526
G1 X106.895 Y98.605 E.09723
G1 X125.788 Y117.498 E.88631
G1 X126.042 Y115.889 E.05401
; stop printing object Incredible Jarv-Jaban.stl id:0 copy 0
;LAYER_CHANGE
;Z:1.6
;HEIGHT:0.2
;BEFORE_LAYER_CHANGE
;1.6
G92 E0

G1 E-.5 F1800
;WIPE_START
M73 P50 R1
G1 F12000
G1 X125.788 Y117.498
G1 X125.525 Y117.235
;WIPE_END
EXCLUDE_OBJECT_END NAME=Incredible_Jarv-Jaban.stl_id_0_copy_0
;_SET_FAN_SPEED_CHANGING_LAYER
; printing object Incredible Jarv-Jaban.stl id:0 copy 0
EXCLUDE_OBJECT_START NAME=Incredible_Jarv-Jaban.stl_id_0_copy_0
G1 Z1.6 F24000
G1 X110.029 Y122.009 Z1.6
G1 E.5 F1800
;TYPE:Inner wall
;WIDTH:0.449999
G1 F3456
G1 X109.824 Y122.026 E.00681
G1 X109.589 Y122.169 E.00912
G1 X108.52 Y123.239 E.05019
G1 X105.902 Y124.573 E.09748
G1 X103 Y125.032 E.09745
G1 X100.098 Y124.573 E.09745
G1 X97.48 Y123.239 E.09748
G1 X95.403 Y121.162 E.09745
G1 X94.069 Y118.544 E.09748
G1 X93.61 Y115.642 E.09745
G1 X94.069 Y112.74 E.09745
G1 X95.403 Y110.122 E.09748
G1 X96.413 Y109.113 E.04737
G1 X96.545 Y108.841 E.01001
G1 X96.471 Y108.597 E.00848
G1 X109.858 Y95.209 E.62803
G1 X123.39 Y108.741 E.6348
G1 X123.372 Y108.863 E.00409
G1 X123.472 Y108.998 E.00556
G1 X124.597 Y110.122 E.05277
G1 X125.931 Y112.74 E.09748
G1 X126.39 Y115.642 E.09745
G1 X125.931 Y118.544 E.09745
G1 X124.597 Y121.162 E.09748
G1 X122.52 Y123.239 E.09745
G1 X119.902 Y124.573 E.09748
G1 X117 Y125.032 E.09745
M73 P51 R1
G1 X114.098 Y124.573 E.09745
G1 X111.48 Y123.239 E.09748
G1 X110.356 Y122.115 E.05274
G1 X110.079 Y122.004 E.0099
G1 X110.069 Y122.005 E.00033
G1 X110.011 Y122.391 F24000
SET_VELOCITY_LIMIT ACCEL=4000
;TYPE:Outer wall
;WIDTH:0.419999
G1 F3456
G1 X109.867 Y122.446 E.00476
G1 X108.753 Y123.56 E.04839
G1 X106.024 Y124.951 E.09411
G1 X103 Y125.429 E.09408
G1 X99.976 Y124.951 E.09408
G1 X97.247 Y123.56 E.09411
G1 X95.082 Y121.395 E.09408
G1 X93.691 Y118.666 E.09411
G1 X93.213 Y115.642 E.09408
G1 X93.691 Y112.618 E.09408
G1 X95.082 Y109.889 E.09411
G1 X96.149 Y108.822 E.04638
G1 X96.109 Y108.596 E.00706
G1 X96.013 Y108.5 E.00416
G1 X109.858 Y94.655 E.60163
G1 X123.738 Y108.535 E.60313
G1 X123.717 Y108.677 E.00441
G1 X123.749 Y108.72 E.00167
G1 X124.918 Y109.889 E.05078
G1 X126.309 Y112.618 E.09411
G1 X126.787 Y115.642 E.09408
G1 X126.309 Y118.666 E.09408
G1 X124.918 Y121.395 E.09411
G1 X122.753 Y123.56 E.09408
G1 X120.024 Y124.951 E.09411
G1 X117 Y125.429 E.09408
G1 X113.976 Y124.951 E.09408
G1 X111.247 Y123.56 E.09411
G1 X110.165 Y122.478 E.04702
M73 P52 R1
G1 X110.046 Y122.411 E.00418
G1 E-.5 F1800
;WIPE_START
G1 F12000
G1 X109.867 Y122.446
G1 X108.753 Y123.56
G1 X108.537 Y123.67
;WIPE_END
SET_VELOCITY_LIMIT ACCEL=5000
G1 Z1.8 F24000
G1 X94.439 Y118.598
G1 Z1.8
G1 Z1.6
G1 E.5 F1800
;TYPE:Sparse infill
;WIDTH:0.45
G1 F3456
G1 X95.179 Y120.049 E.05401
G1 X98.593 Y123.463 E.16019
G1 X100.194 Y124.279 E.05959
G1 X103 Y124.723 E.09424
G1 X103.862 Y124.587 E.02894
G1 X94.055 Y114.78 E.46006
G1 X94.363 Y112.836 E.0653
G1 X95.002 Y111.582 E.04669
G1 X107.06 Y123.64 E.56567
G1 X108.338 Y122.989 E.04758
G1 X109.452 Y121.887 E.05197
G1 X96.739 Y109.174 E.59642
G1 X96.782 Y109.097 E.00292
G1 X96.851 Y108.882 E.00751
G1 X96.797 Y108.702 E.00621
G1 X98.605 Y106.895 E.08481
G1 X116.327 Y124.617 E.83138
G1 X117 Y124.723 E.02261
G1 X119.806 Y124.279 E.09424
M73 P53 R1
G1 X120.023 Y124.168 E.00809
G1 X100.677 Y104.822 E.90758
G1 X102.75 Y102.75 E.09723
G1 X122.663 Y122.663 E.9342
G1 X124.347 Y120.98 E.07897
G1 X124.61 Y120.464 E.01919
G1 X104.822 Y100.677 E.92827
G1 X105.974 Y99.526 E.05401
G1 X125.098 Y111.778 F24000
G1 F3456
G1 X125.637 Y112.836 E.0394
G1 X125.706 Y113.271 E.01461
G1 X108.967 Y96.532 E.78526
G1 X106.895 Y98.605 E.09723
G1 X125.788 Y117.498 E.88631
M73 P54 R1
G1 X126.042 Y115.889 E.05401
; stop printing object Incredible Jarv-Jaban.stl id:0 copy 0
;LAYER_CHANGE
;Z:1.8
;HEIGHT:0.2
;BEFORE_LAYER_CHANGE
;1.8
G92 E0

G1 E-.5 F1800
;WIPE_START
G1 F12000
G1 X125.788 Y117.498
G1 X125.525 Y117.235
;WIPE_END
EXCLUDE_OBJECT_END NAME=Incredible_Jarv-Jaban.stl_id_0_copy_0
;_SET_FAN_SPEED_CHANGING_LAYER
; printing object Incredible Jarv-Jaban.stl id:0 copy 0
EXCLUDE_OBJECT_START NAME=Incredible_Jarv-Jaban.stl_id_0_copy_0
G1 Z1.8 F24000
G1 X110.029 Y122.009 Z1.8
G1 E.5 F1800
;TYPE:Inner wall
;WIDTH:0.449999
G1 F3456
G1 X109.824 Y122.026 E.00681
G1 X109.589 Y122.169 E.00912
G1 X108.52 Y123.239 E.05019
G1 X105.902 Y124.573 E.09748
G1 X103 Y125.032 E.09745
G1 X100.098 Y124.573 E.09745
G1 X97.48 Y123.239 E.09748
G1 X95.403 Y121.162 E.09745
G1 X94.069 Y118.544 E.09748
G1 X93.61 Y115.642 E.09745
G1 X94.069 Y112.74 E.09745
G1 X95.403 Y110.122 E.09748
G1 X96.413 Y109.113 E.04737
G1 X96.545 Y108.841 E.01001
G1 X96.471 Y108.597 E.00848
G1 X109.858 Y95.209 E.62803
G1 X123.39 Y108.741 E.6348
G1 X123.372 Y108.863 E.00409
G1 X123.472 Y108.998 E.00556
M73 P55 R1
G1 X124.597 Y110.122 E.05277
G1 X125.931 Y112.74 E.09748
G1 X126.39 Y115.642 E.09745
G1 X125.931 Y118.544 E.09745
G1 X124.597 Y121.162 E.09748
G1 X122.52 Y123.239 E.09745
G1 X119.902 Y124.573 E.09748
G1 X117 Y125.032 E.09745
G1 X114.098 Y124.573 E.09745
G1 X111.48 Y123.239 E.09748
G1 X110.356 Y122.115 E.05274
G1 X110.079 Y122.004 E.0099
G1 X110.069 Y122.005 E.00033
G1 X110.011 Y122.391 F24000
SET_VELOCITY_LIMIT ACCEL=4000
;TYPE:Outer wall
;WIDTH:0.419999
G1 F3456
G1 X109.867 Y122.446 E.00476
G1 X108.753 Y123.56 E.04839
G1 X106.024 Y124.951 E.09411
G1 X103 Y125.429 E.09408
G1 X99.976 Y124.951 E.09408
G1 X97.247 Y123.56 E.09411
G1 X95.082 Y121.395 E.09408
G1 X93.691 Y118.666 E.09411
G1 X93.213 Y115.642 E.09408
G1 X93.691 Y112.618 E.09408
G1 X95.082 Y109.889 E.09411
G1 X96.149 Y108.822 E.04638
G1 X96.109 Y108.596 E.00706
G1 X96.013 Y108.5 E.00416
G1 X109.858 Y94.655 E.60163
G1 X123.738 Y108.535 E.60313
G1 X123.717 Y108.677 E.00441
G1 X123.749 Y108.72 E.00167
M73 P56 R1
G1 X124.918 Y109.889 E.05078
G1 X126.309 Y112.618 E.09411
G1 X126.787 Y115.642 E.09408
G1 X126.309 Y118.666 E.09408
G1 X124.918 Y121.395 E.09411
G1 X122.753 Y123.56 E.09408
G1 X120.024 Y124.951 E.09411
G1 X117 Y125.429 E.09408
G1 X113.976 Y124.951 E.09408
G1 X111.247 Y123.56 E.09411
G1 X110.165 Y122.478 E.04702
G1 X110.046 Y122.411 E.00418
G1 E-.5 F1800
;WIPE_START
G1 F12000
G1 X109.867 Y122.446
G1 X108.753 Y123.56
G1 X108.537 Y123.67
;WIPE_END
SET_VELOCITY_LIMIT ACCEL=5000
G1 Z2 F24000
G1 X94.439 Y118.598
G1 Z2
G1 Z1.8
G1 E.5 F1800
;TYPE:Sparse infill
;WIDTH:0.45
G1 F3456
G1 X95.179 Y120.049 E.05401
G1 X98.593 Y123.463 E.16019
G1 X100.194 Y124.279 E.05959
G1 X103 Y124.723 E.09424
G1 X103.862 Y124.587 E.02894
G1 X94.055 Y114.78 E.46006
G1 X94.363 Y112.836 E.0653
G1 X95.002 Y111.582 E.04669
G1 X107.06 Y123.64 E.56567
G1 X108.338 Y122.989 E.04758
G1 X109.452 Y121.887 E.05197
G1 X96.739 Y109.174 E.59642
G1 X96.782 Y109.097 E.00292
G1 X96.851 Y108.882 E.00751
M73 P57 R1
G1 X96.797 Y108.702 E.00621
G1 X98.605 Y106.895 E.08481
G1 X116.327 Y124.617 E.83138
G1 X117 Y124.723 E.02261
G1 X119.806 Y124.279 E.09424
G1 X120.023 Y124.168 E.00809
G1 X100.677 Y104.822 E.90758
G1 X102.75 Y102.75 E.09723
G1 X122.663 Y122.663 E.9342
G1 X124.347 Y120.98 E.07897
G1 X124.61 Y120.464 E.01919
G1 X104.822 Y100.677 E.92827
G1 X105.974 Y99.526 E.05401
G1 X125.098 Y111.778 F24000
M73 P58 R1
G1 F3456
G1 X125.637 Y112.836 E.0394
G1 X125.706 Y113.271 E.01461
G1 X108.967 Y96.532 E.78526
G1 X106.895 Y98.605 E.09723
G1 X125.788 Y117.498 E.88631
G1 X126.042 Y115.889 E.05401
; stop printing object Incredible Jarv-Jaban.stl id:0 copy 0
;LAYER_CHANGE
;Z:2
;HEIGHT:0.2
;BEFORE_LAYER_CHANGE
;2
G92 E0

G1 E-.5 F1800
;WIPE_START
G1 F12000
G1 X125.788 Y117.498
G1 X125.525 Y117.235
;WIPE_END
EXCLUDE_OBJECT_END NAME=Incredible_Jarv-Jaban.stl_id_0_copy_0
;_SET_FAN_SPEED_CHANGING_LAYER
; printing object Incredible Jarv-Jaban.stl id:0 copy 0
EXCLUDE_OBJECT_START NAME=Incredible_Jarv-Jaban.stl_id_0_copy_0
G1 Z2 F24000
G1 X110.029 Y122.009 Z2
G1 E.5 F1800
;TYPE:Inner wall
;WIDTH:0.449999
G1 F3456
G1 X109.824 Y122.026 E.00681
G1 X109.589 Y122.169 E.00912
G1 X108.52 Y123.239 E.05019
G1 X105.902 Y124.573 E.09748
G1 X103 Y125.032 E.09745
G1 X100.098 Y124.573 E.09745
G1 X97.48 Y123.239 E.09748
G1 X95.403 Y121.162 E.09745
G1 X94.069 Y118.544 E.09748
G1 X93.61 Y115.642 E.09745
G1 X94.069 Y112.74 E.09745
G1 X95.403 Y110.122 E.09748
G1 X96.413 Y109.113 E.04737
M73 P59 R1
G1 X96.545 Y108.841 E.01001
G1 X96.471 Y108.597 E.00848
G1 X109.858 Y95.209 E.62803
G1 X123.39 Y108.741 E.6348
G1 X123.372 Y108.863 E.00409
G1 X123.472 Y108.998 E.00556
G1 X124.597 Y110.122 E.05277
G1 X125.931 Y112.74 E.09748
G1 X126.39 Y115.642 E.09745
G1 X125.931 Y118.544 E.09745
G1 X124.597 Y121.162 E.09748
G1 X122.52 Y123.239 E.09745
G1 X119.902 Y124.573 E.09748
G1 X117 Y125.032 E.09745
G1 X114.098 Y124.573 E.09745
G1 X111.48 Y123.239 E.09748
G1 X110.356 Y122.115 E.05274
G1 X110.079 Y122.004 E.0099
G1 X110.069 Y122.005 E.00033
G1 X110.011 Y122.391 F24000
SET_VELOCITY_LIMIT ACCEL=4000
;TYPE:Outer wall
;WIDTH:0.419999
G1 F3456
G1 X109.867 Y122.446 E.00476
G1 X108.753 Y123.56 E.04839
G1 X106.024 Y124.951 E.09411
G1 X103 Y125.429 E.09408
G1 X99.976 Y124.951 E.09408
G1 X97.247 Y123.56 E.09411
G1 X95.082 Y121.395 E.09408
G1 X93.691 Y118.666 E.09411
G1 X93.213 Y115.642 E.09408
G1 X93.691 Y112.618 E.09408
G1 X95.082 Y109.889 E.09411
G1 X96.149 Y108.822 E.04638
G1 X96.109 Y108.596 E.00706
G1 X96.013 Y108.5 E.00416
G1 X109.858 Y94.655 E.60163
G1 X123.738 Y108.535 E.60313
G1 X123.717 Y108.677 E.00441
M73 P60 R1
G1 X123.749 Y108.72 E.00167
G1 X124.918 Y109.889 E.05078
G1 X126.309 Y112.618 E.09411
G1 X126.787 Y115.642 E.09408
G1 X126.309 Y118.666 E.09408
G1 X124.918 Y121.395 E.09411
G1 X122.753 Y123.56 E.09408
G1 X120.024 Y124.951 E.09411
G1 X117 Y125.429 E.09408
G1 X113.976 Y124.951 E.09408
G1 X111.247 Y123.56 E.09411
G1 X110.165 Y122.478 E.04702
G1 X110.046 Y122.411 E.00418
G1 E-.5 F1800
;WIPE_START
G1 F12000
G1 X109.867 Y122.446
G1 X108.753 Y123.56
G1 X108.537 Y123.67
;WIPE_END
SET_VELOCITY_LIMIT ACCEL=5000
G1 Z2.2 F24000
G1 X94.439 Y118.598
G1 Z2.2
G1 Z2
G1 E.5 F1800
;TYPE:Sparse infill
;WIDTH:0.45
G1 F3456
G1 X95.179 Y120.049 E.05401
G1 X98.593 Y123.463 E.16019
G1 X100.194 Y124.279 E.05959
G1 X103 Y124.723 E.09424
G1 X103.862 Y124.587 E.02894
G1 X94.055 Y114.78 E.46006
G1 X94.363 Y112.836 E.0653
G1 X95.002 Y111.582 E.04669
G1 X107.06 Y123.64 E.56567
G1 X108.338 Y122.989 E.04758
G1 X109.452 Y121.887 E.05197
M73 P61 R1
G1 X96.739 Y109.174 E.59642
G1 X96.782 Y109.097 E.00292
G1 X96.851 Y108.882 E.00751
G1 X96.797 Y108.702 E.00621
G1 X98.605 Y106.895 E.08481
G1 X116.327 Y124.617 E.83138
G1 X117 Y124.723 E.02261
G1 X119.806 Y124.279 E.09424
G1 X120.023 Y124.168 E.00809
G1 X100.677 Y104.822 E.90758
G1 X102.75 Y102.75 E.09723
G1 X122.663 Y122.663 E.9342
G1 X124.347 Y120.98 E.07897
G1 X124.61 Y120.464 E.01919
M73 P62 R1
G1 X104.822 Y100.677 E.92827
G1 X105.974 Y99.526 E.05401
G1 X125.098 Y111.778 F24000
G1 F3456
G1 X125.637 Y112.836 E.0394
G1 X125.706 Y113.271 E.01461
G1 X108.967 Y96.532 E.78526
G1 X106.895 Y98.605 E.09723
G1 X125.788 Y117.498 E.88631
G1 X126.042 Y115.889 E.05401
; stop printing object Incredible Jarv-Jaban.stl id:0 copy 0
;LAYER_CHANGE
;Z:2.2
;HEIGHT:0.2
;BEFORE_LAYER_CHANGE
;2.2
G92 E0

G1 E-.5 F1800
;WIPE_START
G1 F12000
G1 X125.788 Y117.498
G1 X125.525 Y117.235
;WIPE_END
EXCLUDE_OBJECT_END NAME=Incredible_Jarv-Jaban.stl_id_0_copy_0
;_SET_FAN_SPEED_CHANGING_LAYER
; printing object Incredible Jarv-Jaban.stl id:0 copy 0
EXCLUDE_OBJECT_START NAME=Incredible_Jarv-Jaban.stl_id_0_copy_0
G1 Z2.2 F24000
G1 X110.029 Y122.009 Z2.2
G1 E.5 F1800
;TYPE:Inner wall
;WIDTH:0.449999
G1 F4050
M73 P63 R1
G1 X109.824 Y122.026 E.00681
G1 X109.589 Y122.169 E.00912
G1 X108.52 Y123.239 E.05019
G1 X105.902 Y124.573 E.09748
G1 X103 Y125.032 E.09745
G1 X100.098 Y124.573 E.09745
G1 X97.48 Y123.239 E.09748
G1 X95.403 Y121.162 E.09745
G1 X94.069 Y118.544 E.09748
G1 X93.61 Y115.642 E.09745
G1 X94.069 Y112.74 E.09745
G1 X95.403 Y110.122 E.09748
G1 X96.413 Y109.113 E.04737
G1 X96.545 Y108.841 E.01001
G1 X96.471 Y108.597 E.00848
G1 X109.858 Y95.209 E.62803
G1 X123.39 Y108.741 E.6348
G1 X123.372 Y108.863 E.00409
G1 X123.472 Y108.998 E.00556
G1 X124.597 Y110.122 E.05277
G1 X125.931 Y112.74 E.09748
G1 X126.39 Y115.642 E.09745
G1 X125.931 Y118.544 E.09745
G1 X124.597 Y121.162 E.09748
G1 X122.52 Y123.239 E.09745
G1 X119.902 Y124.573 E.09748
G1 X117 Y125.032 E.09745
G1 X114.098 Y124.573 E.09745
G1 X111.48 Y123.239 E.09748
G1 X110.356 Y122.115 E.05274
G1 X110.079 Y122.004 E.0099
G1 X110.069 Y122.005 E.00033
G1 X110.011 Y122.391 F24000
SET_VELOCITY_LIMIT ACCEL=4000
;TYPE:Outer wall
;WIDTH:0.419999
G1 F4050
G1 X109.867 Y122.446 E.00476
G1 X108.753 Y123.56 E.04839
G1 X106.024 Y124.951 E.09411
G1 X103 Y125.429 E.09408
G1 X99.976 Y124.951 E.09408
G1 X97.247 Y123.56 E.09411
G1 X95.082 Y121.395 E.09408
G1 X93.691 Y118.666 E.09411
G1 X93.213 Y115.642 E.09408
G1 X93.691 Y112.618 E.09408
M73 P64 R1
G1 X95.082 Y109.889 E.09411
G1 X96.149 Y108.822 E.04638
G1 X96.109 Y108.596 E.00706
G1 X96.013 Y108.5 E.00416
G1 X109.858 Y94.655 E.60163
G1 X123.738 Y108.535 E.60313
G1 X123.717 Y108.677 E.00441
G1 X123.749 Y108.72 E.00167
G1 X124.918 Y109.889 E.05078
G1 X126.309 Y112.618 E.09411
G1 X126.787 Y115.642 E.09408
G1 X126.309 Y118.666 E.09408
G1 X124.918 Y121.395 E.09411
G1 X122.753 Y123.56 E.09408
G1 X120.024 Y124.951 E.09411
G1 X117 Y125.429 E.09408
G1 X113.976 Y124.951 E.09408
G1 X111.247 Y123.56 E.09411
G1 X110.165 Y122.478 E.04702
G1 X110.046 Y122.411 E.00418
G1 E-.5 F1800
;WIPE_START
G1 F12000
G1 X109.867 Y122.446
G1 X108.753 Y123.56
G1 X108.537 Y123.67
;WIPE_END
SET_VELOCITY_LIMIT ACCEL=5000
G1 Z2.4 F24000
G1 X109.899 Y121.65
G1 Z2.4
G1 Z2.2
G1 E.5 F1800
;TYPE:Internal solid infill
;WIDTH:0.382944
G1 F4050
G1 X109.626 Y121.722 E.00784
G1 X109.384 Y121.874 E.0079
G1 X108.308 Y122.947 E.04212
G1 X105.79 Y124.23 E.0783
G1 X103 Y124.672 E.07827
G1 X100.21 Y124.23 E.07827
G1 X97.692 Y122.947 E.07829
G1 X95.695 Y120.95 E.07827
G1 X94.412 Y118.432 E.07829
G1 X93.97 Y115.642 E.07827
G1 X94.412 Y112.852 E.07827
G1 X95.695 Y110.334 E.07829
G1 X96.642 Y109.387 E.03712
G1 X96.823 Y109.1 E.00941
G1 X96.891 Y108.836 E.00754
G1 X96.865 Y108.706 E.00367
G1 X109.75 Y95.821 E.5049
M73 P65 R1
G1 X109.858 Y95.75 E.00358
G1 X109.966 Y95.821 E.00358
G1 X122.993 Y108.848 E.51045
G1 X123.039 Y108.978 E.00383
G1 X123.178 Y109.204 E.00734
G1 X124.305 Y110.334 E.04423
G1 X125.588 Y112.852 E.0783
G1 X126.03 Y115.642 E.07827
G1 X125.588 Y118.432 E.07827
G1 X124.305 Y120.95 E.07829
G1 X122.308 Y122.947 E.07827
G1 X119.79 Y124.23 E.07829
G1 X117 Y124.672 E.07827
G1 X114.21 Y124.23 E.07827
G1 X111.692 Y122.947 E.07831
G1 X110.563 Y121.833 E.04394
G1 X110.16 Y121.667 E.01208
G1 X109.939 Y121.652 E.00613
G1 X101.898 Y124.137 F24000
;TYPE:Sparse infill
;WIDTH:0.45
G1 F4050
G1 X103 Y124.311 E.03702
G1 X103.506 Y124.231 E.01699
G1 X94.411 Y115.136 E.42667
G1 X94.755 Y112.963 E.07297
G1 X95.305 Y111.885 E.04016
G1 X106.757 Y123.337 E.53728
G1 X108.096 Y122.655 E.04984
G1 X109.16 Y121.595 E.04982
G1 X97.035 Y109.47 E.5688
G1 X97.157 Y109.261 E.00804
G1 X97.278 Y108.885 E.01309
G1 X97.257 Y108.818 E.00235
G1 X98.892 Y107.182 E.0767
G1 X115.837 Y124.127 E.79491
G1 X117 Y124.311 E.03906
M73 P66 R1
G1 X119.679 Y123.887 E.08996
G1 X119.721 Y123.866 E.00157
G1 X100.965 Y105.11 E.87987
G1 X103.037 Y103.037 E.09723
G1 X122.376 Y122.376 E.90719
G1 X124.013 Y120.738 E.07683
G1 X124.307 Y120.162 E.02144
G1 X105.11 Y100.965 E.90056
G1 X106.261 Y99.814 E.05401
G1 X125.445 Y114.225 F24000
G1 F4050
G1 X125.245 Y112.963 E.04239
G1 X125.086 Y112.651 E.01162
G1 X109.255 Y96.82 E.74267
G1 X107.182 Y98.892 E.09723
G1 X125.432 Y117.142 E.85611
M73 P67 R1
G1 X125.669 Y115.642 E.05037
G1 X125.652 Y115.533 E.00364
; stop printing object Incredible Jarv-Jaban.stl id:0 copy 0
;LAYER_CHANGE
;Z:2.4
;HEIGHT:0.2
;BEFORE_LAYER_CHANGE
;2.4
G92 E0

G1 E-.5 F1800
;WIPE_START
G1 F12000
G1 X125.669 Y115.642
G1 X125.432 Y117.142
G1 X125.169 Y116.879
;WIPE_END
EXCLUDE_OBJECT_END NAME=Incredible_Jarv-Jaban.stl_id_0_copy_0
;_SET_FAN_SPEED_CHANGING_LAYER
; printing object Incredible Jarv-Jaban.stl id:0 copy 0
EXCLUDE_OBJECT_START NAME=Incredible_Jarv-Jaban.stl_id_0_copy_0
G1 Z2.4 F24000
G1 X110.029 Y122.009 Z2.4
G1 E.5 F1800
;TYPE:Inner wall
;WIDTH:0.449999
G1 F13265.237
G1 X109.824 Y122.026 E.00681
G1 X109.589 Y122.169 E.00912
G1 X108.52 Y123.239 E.05019
G1 X105.902 Y124.573 E.09748
G1 X103 Y125.032 E.09745
G1 X100.098 Y124.573 E.09745
G1 X97.48 Y123.239 E.09748
G1 X95.403 Y121.162 E.09745
G1 X94.069 Y118.544 E.09748
G1 X93.61 Y115.642 E.09745
G1 X94.069 Y112.74 E.09745
G1 X95.403 Y110.122 E.09748
G1 X96.413 Y109.113 E.04737
G1 X96.545 Y108.841 E.01001
G1 X96.471 Y108.597 E.00848
G1 X109.858 Y95.209 E.62803
G1 X123.39 Y108.741 E.6348
G1 X123.372 Y108.863 E.00409
G1 X123.472 Y108.998 E.00556
G1 X124.597 Y110.122 E.05277
G1 X125.931 Y112.74 E.09748
G1 X126.39 Y115.642 E.09745
G1 X125.931 Y118.544 E.09745
G1 X124.597 Y121.162 E.09748
G1 X122.52 Y123.239 E.09745
G1 X119.902 Y124.573 E.09748
G1 X117 Y125.032 E.09745
G1 X114.098 Y124.573 E.09745
G1 X111.48 Y123.239 E.09748
G1 X110.356 Y122.115 E.05274
G1 X110.079 Y122.004 E.0099
M73 P68 R1
G1 X110.069 Y122.005 E.00033
G1 X110.011 Y122.391 F24000
SET_VELOCITY_LIMIT ACCEL=4000
;TYPE:Outer wall
;WIDTH:0.419999
G1 F12000
G1 X109.867 Y122.446 E.00476
G1 X108.753 Y123.56 E.04839
G1 X106.024 Y124.951 E.09411
G1 X103 Y125.429 E.09408
G1 X99.976 Y124.951 E.09408
G1 X97.247 Y123.56 E.09411
G1 X95.082 Y121.395 E.09408
G1 X93.691 Y118.666 E.09411
G1 X93.213 Y115.642 E.09408
G1 X93.691 Y112.618 E.09408
G1 X95.082 Y109.889 E.09411
G1 X96.149 Y108.822 E.04638
G1 X96.109 Y108.596 E.00706
G1 X96.013 Y108.5 E.00416
G1 X109.858 Y94.655 E.60163
G1 X123.738 Y108.535 E.60313
G1 X123.717 Y108.677 E.00441
G1 X123.749 Y108.72 E.00167
G1 X124.918 Y109.889 E.05078
G1 X126.309 Y112.618 E.09411
G1 X126.787 Y115.642 E.09408
G1 X126.309 Y118.666 E.09408
G1 X124.918 Y121.395 E.09411
G1 X122.753 Y123.56 E.09408
G1 X120.024 Y124.951 E.09411
G1 X117 Y125.429 E.09408
G1 X113.976 Y124.951 E.09408
G1 X111.247 Y123.56 E.09411
G1 X110.165 Y122.478 E.04702
G1 X110.046 Y122.411 E.00418
G1 E-.5 F1800
;WIPE_START
G1 F12000
G1 X109.867 Y122.446
G1 X108.753 Y123.56
G1 X108.537 Y123.67
;WIPE_END
SET_VELOCITY_LIMIT ACCEL=5000
G1 Z2.6 F24000
G1 X125.609 Y118.903
G1 Z2.6
G1 Z2.4
G1 E.5 F1800
SET_VELOCITY_LIMIT ACCEL=2000
;TYPE:Internal Bridge
;WIDTH:0.402427
;HEIGHT:0.4
G1 F5850
G1 X125.609 Y112.827 E.31486
G1 X125.156 Y111.939 E.05163
G1 X125.156 Y119.345 E.38375
G1 X124.704 Y120.232 E.05163
G1 X124.704 Y111.052 E.47575
G1 X124.329 Y110.317 E.04276
G1 X124.251 Y110.239 E.00571
G1 X124.251 Y121.045 E.56001
G1 X123.799 Y121.497 E.03316
G1 X123.799 Y109.785 E.60698
M73 P69 R1
G1 X123.347 Y109.331 E.03321
G1 X123.347 Y121.95 E.65394
G1 X122.894 Y122.402 E.03316
G1 X122.894 Y108.708 E.70969
G1 X122.442 Y108.255 E.03316
G1 X122.442 Y122.855 E.75659
G1 X122.325 Y122.971 E.00854
G1 X121.989 Y123.142 E.01954
G1 X121.989 Y107.803 E.79494
G1 X121.537 Y107.35 E.03316
G1 X121.537 Y123.373 E.83034
G1 X121.084 Y123.604 E.02632
G1 X121.084 Y106.898 E.86574
G1 X120.632 Y106.446 E.03316
G1 X120.632 Y123.834 E.90113
G1 X120.18 Y124.065 E.02632
G1 X120.18 Y105.993 E.93653
G1 X119.727 Y105.541 E.03316
G1 X119.727 Y124.27 E.97061
M73 P70 R1
G1 X119.275 Y124.342 E.02374
G1 X119.275 Y105.088 E.99777
G1 X118.822 Y104.636 E.03316
G1 X118.822 Y124.413 E1.02492
G1 X118.37 Y124.485 E.02374
G1 X118.37 Y104.183 E1.05208
G1 X117.917 Y103.731 E.03316
G1 X117.917 Y124.556 E1.07924
G1 X117.465 Y124.628 E.02374
G1 X117.465 Y103.279 E1.10639
G1 X117.013 Y102.826 E.03316
G1 X117.013 Y124.7 E1.13355
G1 X116.56 Y124.632 E.02371
G1 X116.56 Y102.374 E1.15349
G1 X116.108 Y101.921 E.03316
G1 X116.108 Y124.56 E1.17323
M73 P71 R1
G1 X115.655 Y124.489 E.02374
G1 X115.655 Y101.469 E1.19296
G1 X115.203 Y101.016 E.03316
G1 X115.203 Y124.417 E1.2127
G1 X114.75 Y124.346 E.02374
G1 X114.75 Y100.564 E1.23244
G1 X114.298 Y100.112 E.03316
G1 X114.298 Y124.274 E1.25217
M73 P71 R0
G1 X114.201 Y124.259 E.00511
G1 X113.846 Y124.078 E.02065
G1 X113.846 Y99.659 E1.26544
G1 X113.393 Y99.207 E.03316
G1 X113.393 Y123.847 E1.27694
G1 X112.941 Y123.616 E.02632
M73 P72 R0
G1 X112.941 Y98.754 E1.28843
G1 X112.488 Y98.302 E.03316
G1 X112.488 Y123.386 E1.29993
G1 X112.036 Y123.155 E.02632
G1 X112.036 Y97.849 E1.31143
G1 X111.583 Y97.397 E.03316
G1 X111.583 Y122.881 E1.32067
G1 X111.131 Y122.435 E.03294
G1 X111.131 Y96.945 E1.32098
G1 X110.679 Y96.492 E.03316
G1 X110.679 Y121.988 E1.32129
G1 X110.528 Y121.84 E.01096
G1 X110.226 Y121.703 E.01719
M73 P73 R0
G1 X110.226 Y96.04 E1.32993
G1 X109.858 Y95.672 E.02698
G1 X109.774 Y95.756 E.00617
G1 X109.774 Y121.71 E1.34503
G1 X109.658 Y121.738 E.00618
G1 X109.416 Y121.884 E.01467
G1 X109.321 Y121.978 E.0069
G1 X109.321 Y96.208 E1.33549
G1 X108.869 Y96.661 E.03316
G1 X108.869 Y122.429 E1.33542
G1 X108.416 Y122.88 E.0331
G1 X108.416 Y97.113 E1.33534
G1 X107.964 Y97.566 E.03316
G1 X107.964 Y123.155 E1.32614
G1 X107.512 Y123.386 E.02632
G1 X107.512 Y98.018 E1.31465
M73 P74 R0
G1 X107.059 Y98.47 E.03316
G1 X107.059 Y123.616 E1.30315
G1 X106.607 Y123.847 E.02632
G1 X106.607 Y98.923 E1.29165
G1 X106.154 Y99.375 E.03316
G1 X106.154 Y124.078 E1.28016
G1 X105.799 Y124.259 E.02065
G1 X105.702 Y124.274 E.00511
G1 X105.702 Y99.828 E1.26689
G1 X105.249 Y100.28 E.03316
G1 X105.249 Y124.346 E1.24715
G1 X104.797 Y124.417 E.02374
G1 X104.797 Y100.733 E1.22742
G1 X104.345 Y101.185 E.03316
G1 X104.345 Y124.489 E1.20768
M73 P75 R0
G1 X103.892 Y124.56 E.02374
G1 X103.892 Y101.637 E1.18794
G1 X103.44 Y102.09 E.03316
G1 X103.44 Y124.632 E1.16821
G1 X102.987 Y124.7 E.02371
G1 X102.987 Y102.542 E1.14826
G1 X102.535 Y102.995 E.03316
G1 X102.535 Y124.628 E1.12111
G1 X102.082 Y124.556 E.02374
G1 X102.083 Y103.447 E1.09395
G1 X101.63 Y103.9 E.03316
G1 X101.63 Y124.485 E1.06679
G1 X101.178 Y124.413 E.02374
G1 X101.178 Y104.352 E1.03964
M73 P76 R0
G1 X100.725 Y104.804 E.03316
G1 X100.725 Y124.342 E1.01248
G1 X100.273 Y124.27 E.02374
G1 X100.273 Y105.257 E.98532
G1 X99.82 Y105.709 E.03316
G1 X99.82 Y124.065 E.95124
G1 X99.368 Y123.834 E.02632
G1 X99.368 Y106.162 E.91585
G1 X98.916 Y106.614 E.03316
G1 X98.916 Y123.604 E.88045
G1 X98.463 Y123.373 E.02632
G1 X98.463 Y107.067 E.84505
G1 X98.011 Y107.519 E.03316
G1 X98.011 Y123.142 E.80966
G1 X97.675 Y122.971 E.01953
G1 X97.558 Y122.855 E.00854
M73 P77 R0
G1 X97.558 Y107.971 E.7713
G1 X97.106 Y108.424 E.03316
G1 X97.106 Y122.402 E.72441
G1 X96.653 Y121.95 E.03316
G1 X96.653 Y109.328 E.6541
G1 X96.201 Y109.787 E.03339
G1 X96.201 Y121.497 E.60689
G1 X95.749 Y121.045 E.03316
G1 X95.749 Y110.239 E.55999
G1 X95.671 Y110.317 E.0057
G1 X95.296 Y111.052 E.04276
G1 X95.296 Y120.232 E.47574
G1 X94.844 Y119.344 E.05163
G1 X94.844 Y111.94 E.38374
G1 X94.391 Y112.827 E.05163
G1 X94.391 Y118.903 E.31485
; stop printing object Incredible Jarv-Jaban.stl id:0 copy 0
;LAYER_CHANGE
;Z:2.6
;HEIGHT:0.2
;BEFORE_LAYER_CHANGE
;2.6
G92 E0

G1 E-.5 F1800
;WIPE_START
G1 F12000
G1 X94.391 Y116.903
;WIPE_END
EXCLUDE_OBJECT_END NAME=Incredible_Jarv-Jaban.stl_id_0_copy_0
;_SET_FAN_SPEED_CHANGING_LAYER
; printing object Incredible Jarv-Jaban.stl id:0 copy 0
SET_VELOCITY_LIMIT ACCEL=5000
EXCLUDE_OBJECT_START NAME=Incredible_Jarv-Jaban.stl_id_0_copy_0
G1 Z2.6 F24000
G1 X110.029 Y122.009 Z2.6
G1 E.5 F1800
;TYPE:Inner wall
;WIDTH:0.449999
G1 F13265.237
M106 S255
G1 X109.824 Y122.026 E.00681
G1 X109.589 Y122.169 E.00912
G1 X108.52 Y123.239 E.05019
G1 X105.902 Y124.573 E.09748
G1 X103 Y125.032 E.09745
G1 X100.098 Y124.573 E.09745
G1 X97.48 Y123.239 E.09748
G1 X95.403 Y121.162 E.09745
G1 X94.069 Y118.544 E.09748
M73 P78 R0
G1 X93.61 Y115.642 E.09745
G1 X94.069 Y112.74 E.09745
G1 X95.403 Y110.122 E.09748
G1 X96.413 Y109.113 E.04737
G1 X96.545 Y108.841 E.01001
G1 X96.471 Y108.597 E.00848
G1 X109.858 Y95.209 E.62803
G1 X123.39 Y108.741 E.6348
G1 X123.372 Y108.863 E.00409
G1 X123.472 Y108.998 E.00556
G1 X124.597 Y110.122 E.05277
G1 X125.931 Y112.74 E.09748
G1 X126.39 Y115.642 E.09745
G1 X125.931 Y118.544 E.09745
G1 X124.597 Y121.162 E.09748
G1 X122.52 Y123.239 E.09745
G1 X119.902 Y124.573 E.09748
G1 X117 Y125.032 E.09745
G1 X114.098 Y124.573 E.09745
G1 X111.48 Y123.239 E.09748
G1 X110.356 Y122.115 E.05274
G1 X110.079 Y122.004 E.0099
G1 X110.069 Y122.005 E.00033
G1 X110.011 Y122.391 F24000
SET_VELOCITY_LIMIT ACCEL=4000
;TYPE:Outer wall
;WIDTH:0.419999
G1 F12000
G1 X109.867 Y122.446 E.00476
G1 X108.753 Y123.56 E.04839
G1 X106.024 Y124.951 E.09411
G1 X103 Y125.429 E.09408
G1 X99.976 Y124.951 E.09408
G1 X97.247 Y123.56 E.09411
G1 X95.082 Y121.395 E.09408
G1 X93.691 Y118.666 E.09411
G1 X93.213 Y115.642 E.09408
G1 X93.691 Y112.618 E.09408
G1 X95.082 Y109.889 E.09411
G1 X96.149 Y108.822 E.04638
G1 X96.109 Y108.596 E.00706
G1 X96.013 Y108.5 E.00416
G1 X109.858 Y94.655 E.60163
G1 X123.738 Y108.535 E.60313
G1 X123.717 Y108.677 E.00441
G1 X123.749 Y108.72 E.00167
G1 X124.918 Y109.889 E.05078
G1 X126.309 Y112.618 E.09411
G1 X126.787 Y115.642 E.09408
G1 X126.309 Y118.666 E.09408
G1 X124.918 Y121.395 E.09411
G1 X122.753 Y123.56 E.09408
G1 X120.024 Y124.951 E.09411
G1 X117 Y125.429 E.09408
G1 X113.976 Y124.951 E.09408
G1 X111.247 Y123.56 E.09411
G1 X110.165 Y122.478 E.04702
M73 P79 R0
G1 X110.046 Y122.411 E.00418
G1 E-.5 F1800
;WIPE_START
G1 F12000
G1 X109.867 Y122.446
G1 X108.753 Y123.56
G1 X108.537 Y123.67
;WIPE_END
SET_VELOCITY_LIMIT ACCEL=5000
G1 Z2.8 F24000
G1 X124.588 Y110.374
G1 Z2.8
G1 Z2.6
G1 E.5 F1800
;TYPE:Internal solid infill
;WIDTH:0.454058
G1 F13134.277
G1 X109.857 Y95.643 E.69799
G1 X109.566 Y95.933 E.01377
G1 X124.773 Y111.141 E.72053
G1 X125.378 Y112.327 E.04459
G1 X109.275 Y96.224 E.76294
G1 X108.984 Y96.515 E.01377
G1 X125.7 Y113.23 E.79196
G1 X125.809 Y113.921 E.02343
G1 X108.694 Y96.806 E.81092
G1 X108.403 Y97.096 E.01377
G1 X125.918 Y114.612 E.82987
G1 X126.028 Y115.302 E.02343
G1 X108.112 Y97.387 E.84883
G1 X107.822 Y97.678 E.01377
G1 X126.041 Y115.897 E.86323
G1 X125.961 Y116.399 E.01703
G1 X107.531 Y97.968 E.87324
G1 X107.24 Y98.259 E.01377
G1 X125.882 Y116.901 E.88325
G1 X125.803 Y117.403 E.01703
G1 X106.949 Y98.55 E.89326
M73 P80 R0
G1 X106.659 Y98.841 E.01377
G1 X125.723 Y117.905 E.90327
G1 X125.644 Y118.407 E.01703
G1 X106.368 Y99.131 E.91328
G1 X106.077 Y99.422 E.01377
G1 X125.457 Y118.802 E.91821
G1 X125.261 Y119.187 E.01448
G1 X105.786 Y99.713 E.92268
G1 X105.496 Y100.003 E.01377
G1 X125.064 Y119.572 E.92716
G1 X124.868 Y119.957 E.01448
G1 X105.205 Y100.294 E.93163
G1 X104.914 Y100.585 E.01377
G1 X124.672 Y120.342 E.9361
G1 X124.475 Y120.728 E.01448
G1 X104.624 Y100.876 E.94058
G1 X104.333 Y101.166 E.01377
G1 X124.247 Y121.08 E.94351
G1 X123.956 Y121.371 E.01377
G1 X104.042 Y101.457 E.94351
G1 X103.751 Y101.748 E.01377
G1 X123.665 Y121.662 E.94351
G1 X123.374 Y121.952 E.01377
G1 X103.461 Y102.039 E.94351
M73 P81 R0
G1 X103.17 Y102.329 E.01377
G1 X123.084 Y122.243 E.94351
G1 X122.793 Y122.534 E.01377
G1 X102.879 Y102.62 E.94351
G1 X102.589 Y102.911 E.01377
G1 X122.502 Y122.824 E.94351
G1 X122.338 Y122.989 E.00779
G1 X122.171 Y123.074 E.00629
G1 X102.298 Y103.201 E.94156
G1 X102.007 Y103.492 E.01377
G1 X121.785 Y123.27 E.93709
G1 X121.4 Y123.467 E.01448
G1 X101.716 Y103.783 E.93262
G1 X101.426 Y104.074 E.01377
G1 X121.015 Y123.663 E.92814
G1 X120.63 Y123.859 E.01448
G1 X101.135 Y104.364 E.92367
G1 X100.844 Y104.655 E.01377
G1 X120.245 Y124.056 E.9192
G1 X119.86 Y124.252 E.01448
G1 X100.554 Y104.946 E.91472
G1 X100.263 Y105.236 E.01377
G1 X119.374 Y124.348 E.90548
M73 P82 R0
G1 X118.872 Y124.427 E.01703
G1 X99.972 Y105.527 E.89547
G1 X99.681 Y105.818 E.01377
G1 X118.37 Y124.507 E.88546
G1 X117.868 Y124.586 E.01703
G1 X99.391 Y106.109 E.87545
G1 X99.1 Y106.399 E.01377
G1 X117.366 Y124.665 E.86544
G1 X117 Y124.723 E.01242
G1 X116.813 Y124.694 E.00635
G1 X98.809 Y106.69 E.85301
G1 X98.519 Y106.981 E.01377
G1 X116.122 Y124.584 E.83406
G1 X115.431 Y124.475 E.02343
G1 X98.228 Y107.271 E.8151
G1 X97.937 Y107.562 E.01377
G1 X114.741 Y124.366 E.79615
G1 X114.194 Y124.279 E.01855
G1 X113.947 Y124.153 E.00929
G1 X97.646 Y107.853 E.77231
G1 X97.356 Y108.144 E.01377
G1 X112.761 Y123.549 E.7299
G1 X111.662 Y122.989 E.04133
G1 X110.516 Y121.858 E.05395
G1 X110.462 Y121.831 E.00201
G1 X97.065 Y108.434 E.63474
G1 X96.797 Y108.702 E.0127
G1 X96.817 Y108.767 E.00228
M73 P83 R0
G1 X109.78 Y121.731 E.61419
G1 X109.666 Y121.758 E.00392
G1 X109.399 Y121.931 E.01067
G1 X96.702 Y109.234 E.60158
G1 X96.422 Y109.535 E.01378
G1 X109.108 Y122.222 E.60106
G1 X108.817 Y122.512 E.01377
G1 X96.131 Y109.826 E.60104
G1 X95.84 Y110.117 E.01377
G1 X108.525 Y122.802 E.60102
G1 X108.338 Y122.989 E.00886
G1 X108.201 Y123.059 E.00516
G1 X95.583 Y110.441 E.59781
G1 X95.387 Y110.826 E.01448
G1 X107.816 Y123.255 E.58887
G1 X107.43 Y123.451 E.01448
G1 X95.191 Y111.212 E.57992
G1 X94.994 Y111.597 E.01448
G1 X107.045 Y123.648 E.57097
G1 X106.66 Y123.844 E.01448
G1 X94.798 Y111.982 E.56202
G1 X94.602 Y112.367 E.01448
G1 X106.275 Y124.04 E.55308
G1 X105.89 Y124.237 E.01448
G1 X94.405 Y112.752 E.54413
G1 X94.363 Y112.836 E.00315
G1 X94.301 Y113.229 E.01332
G1 X105.413 Y124.341 E.52652
G1 X104.911 Y124.421 E.01703
G1 X94.221 Y113.731 E.5065
G1 X94.142 Y114.233 E.01703
G1 X104.409 Y124.5 E.48648
G1 X103.907 Y124.58 E.01703
G1 X94.062 Y114.735 E.46646
M73 P84 R0
G1 X93.983 Y115.237 E.01703
G1 X103.405 Y124.659 E.44644
G1 X103 Y124.723 E.01375
G1 X102.867 Y124.702 E.00451
G1 X93.94 Y115.775 E.42297
G1 X94.049 Y116.466 E.02343
G1 X102.176 Y124.593 E.38507
G1 X101.486 Y124.484 E.02343
G1 X94.158 Y117.156 E.34716
G1 X94.268 Y117.847 E.02343
G1 X100.795 Y124.374 E.30925
G1 X100.194 Y124.279 E.02038
G1 X100.04 Y124.201 E.0058
G1 X94.441 Y118.602 E.26524
G1 X95.046 Y119.788 E.04459
G1 X98.854 Y123.596 E.18042
G1 X97.668 Y122.992 E.04459
G1 X95.231 Y120.555 E.11546
; stop printing object Incredible Jarv-Jaban.stl id:0 copy 0
;LAYER_CHANGE
;Z:2.8
;HEIGHT:0.2
;BEFORE_LAYER_CHANGE
;2.8
G92 E0

G1 E-.5 F1800
;WIPE_START
G1 F12000
G1 X96.645 Y121.969
;WIPE_END
EXCLUDE_OBJECT_END NAME=Incredible_Jarv-Jaban.stl_id_0_copy_0
;_SET_FAN_SPEED_CHANGING_LAYER
; printing object Incredible Jarv-Jaban.stl id:0 copy 0
EXCLUDE_OBJECT_START NAME=Incredible_Jarv-Jaban.stl_id_0_copy_0
G1 Z2.8 F24000
G1 X110.029 Y122.009 Z2.8
G1 E.5 F1800
;TYPE:Inner wall
;WIDTH:0.449999
G1 F13265.237
G1 X109.824 Y122.026 E.00681
G1 X109.589 Y122.169 E.00912
G1 X108.52 Y123.239 E.05019
G1 X105.902 Y124.573 E.09748
G1 X103 Y125.032 E.09745
G1 X100.098 Y124.573 E.09745
G1 X97.48 Y123.239 E.09748
G1 X95.403 Y121.162 E.09745
G1 X94.069 Y118.544 E.09748
G1 X93.61 Y115.642 E.09745
G1 X94.069 Y112.74 E.09745
G1 X95.403 Y110.122 E.09748
G1 X96.413 Y109.113 E.04737
G1 X96.545 Y108.841 E.01001
G1 X96.471 Y108.597 E.00848
G1 X109.858 Y95.209 E.62803
G1 X123.39 Y108.741 E.6348
G1 X123.372 Y108.863 E.00409
G1 X123.472 Y108.998 E.00556
G1 X124.597 Y110.122 E.05277
G1 X125.931 Y112.74 E.09748
G1 X126.39 Y115.642 E.09745
G1 X125.931 Y118.544 E.09745
G1 X124.597 Y121.162 E.09748
G1 X122.52 Y123.239 E.09745
G1 X119.902 Y124.573 E.09748
M73 P85 R0
G1 X117 Y125.032 E.09745
G1 X114.098 Y124.573 E.09745
G1 X111.48 Y123.239 E.09748
G1 X110.356 Y122.115 E.05274
G1 X110.079 Y122.004 E.0099
G1 X110.069 Y122.005 E.00033
G1 X110.011 Y122.391 F24000
SET_VELOCITY_LIMIT ACCEL=4000
;TYPE:Outer wall
;WIDTH:0.419999
G1 F12000
G1 X109.867 Y122.446 E.00476
G1 X108.753 Y123.56 E.04839
G1 X106.024 Y124.951 E.09411
G1 X103 Y125.429 E.09408
G1 X99.976 Y124.951 E.09408
G1 X97.247 Y123.56 E.09411
G1 X95.082 Y121.395 E.09408
G1 X93.691 Y118.666 E.09411
G1 X93.213 Y115.642 E.09408
G1 X93.691 Y112.618 E.09408
G1 X95.082 Y109.889 E.09411
G1 X96.149 Y108.822 E.04638
G1 X96.109 Y108.596 E.00706
G1 X96.013 Y108.5 E.00416
G1 X109.858 Y94.655 E.60163
G1 X123.738 Y108.535 E.60313
G1 X123.717 Y108.677 E.00441
G1 X123.749 Y108.72 E.00167
G1 X124.918 Y109.889 E.05078
G1 X126.309 Y112.618 E.09411
G1 X126.787 Y115.642 E.09408
G1 X126.309 Y118.666 E.09408
G1 X124.918 Y121.395 E.09411
G1 X122.753 Y123.56 E.09408
G1 X120.024 Y124.951 E.09411
G1 X117 Y125.429 E.09408
G1 X113.976 Y124.951 E.09408
G1 X111.247 Y123.56 E.09411
G1 X110.165 Y122.478 E.04702
G1 X110.046 Y122.411 E.00418
G1 E-.5 F1800
;WIPE_START
G1 F12000
G1 X109.867 Y122.446
G1 X108.753 Y123.56
G1 X108.537 Y123.67
;WIPE_END
SET_VELOCITY_LIMIT ACCEL=5000
G1 Z3 F24000
G1 X121.917 Y123.409
G1 Z3
G1 Z2.8
G1 E.5 F1800
;TYPE:Internal solid infill
;WIDTH:0.451054
G1 F13230.948
G1 X124.348 Y120.978 E.11432
G1 X124.948 Y119.801 E.04394
G1 X121.159 Y123.59 E.17819
G1 X119.982 Y124.19 E.04394
G1 X125.548 Y118.624 E.26177
G1 X125.637 Y118.448 E.00656
G1 X125.73 Y117.865 E.01964
G1 X119.223 Y124.372 E.30603
G1 X118.537 Y124.48 E.02309
G1 X125.838 Y117.179 E.34339
M73 P86 R0
G1 X125.947 Y116.493 E.02309
G1 X117.851 Y124.589 E.38074
G1 X117.166 Y124.697 E.02309
G1 X126.055 Y115.808 E.4181
G1 X126.081 Y115.642 E.00558
G1 X126.022 Y115.264 E.01272
G1 X116.622 Y124.664 E.44209
G1 X116.124 Y124.585 E.01678
G1 X125.943 Y114.766 E.46182
G1 X125.864 Y114.267 E.01678
G1 X115.625 Y124.506 E.48155
G1 X115.127 Y124.427 E.01678
G1 X125.785 Y113.769 E.50127
G1 X125.706 Y113.271 E.01678
G1 X114.629 Y124.348 E.521
G1 X114.194 Y124.279 E.01464
G1 X114.145 Y124.254 E.00182
G1 X125.612 Y112.787 E.53934
G1 X125.418 Y112.405 E.01427
G1 X113.763 Y124.06 E.54816
G1 X113.381 Y123.865 E.01427
G1 X125.223 Y112.023 E.55698
G1 X125.028 Y111.64 E.01427
G1 X112.998 Y123.67 E.56579
G1 X112.616 Y123.475 E.01427
G1 X124.833 Y111.258 E.57461
G1 X124.638 Y110.876 E.01427
G1 X112.234 Y123.28 E.58343
G1 X111.851 Y123.085 E.01427
G1 X124.443 Y110.493 E.59225
G1 X124.347 Y110.304 E.00707
G1 X124.201 Y110.158 E.00685
G1 X111.515 Y122.844 E.59667
G1 X111.225 Y122.557 E.01357
G1 X123.913 Y109.869 E.59678
G1 X123.625 Y109.58 E.01357
M73 P87 R0
G1 X110.934 Y122.271 E.59689
G1 X110.644 Y121.984 E.01357
G1 X123.337 Y109.291 E.597
G1 X123.207 Y109.161 E.00609
G1 X123.086 Y108.985 E.00712
G1 X123.09 Y108.961 E.0008
G1 X110.299 Y121.751 E.60159
G1 X110.118 Y121.701 E.00624
G1 X109.924 Y121.696 E.00647
G1 X109.731 Y121.742 E.00659
G1 X122.845 Y108.628 E.61679
G1 X122.556 Y108.34 E.01357
G1 X107.46 Y123.436 E.71005
G1 X106.283 Y124.036 E.04394
G1 X122.268 Y108.051 E.75184
G1 X121.979 Y107.763 E.01357
G1 X105.398 Y124.344 E.77988
G1 X104.712 Y124.452 E.02309
G1 X121.691 Y107.474 E.79855
G1 X121.402 Y107.185 E.01357
G1 X104.027 Y124.561 E.81723
G1 X103.341 Y124.669 E.02309
G1 X121.114 Y106.897 E.83591
G1 X120.825 Y106.608 E.01357
G1 X102.749 Y124.684 E.85016
G1 X102.251 Y124.605 E.01678
G1 X120.536 Y106.32 E.86002
G1 X120.248 Y106.031 E.01357
G1 X101.753 Y124.526 E.86988
G1 X101.254 Y124.447 E.01678
G1 X119.959 Y105.742 E.87975
M73 P88 R0
G1 X119.671 Y105.454 E.01357
G1 X100.756 Y124.368 E.88961
G1 X100.258 Y124.289 E.01678
G1 X119.382 Y105.165 E.89948
G1 X119.093 Y104.877 E.01357
G1 X99.861 Y124.109 E.90459
G1 X99.478 Y123.915 E.01427
G1 X118.805 Y104.588 E.90899
G1 X118.516 Y104.299 E.01357
G1 X99.096 Y123.72 E.9134
G1 X98.714 Y123.525 E.01427
G1 X118.228 Y104.011 E.91781
G1 X117.939 Y103.722 E.01357
G1 X98.331 Y123.33 E.92222
G1 X97.949 Y123.135 E.01427
G1 X117.65 Y103.434 E.92663
G1 X117.362 Y103.145 E.01357
G1 X97.59 Y122.917 E.92994
G1 X97.301 Y122.628 E.01357
G1 X117.073 Y102.856 E.92994
G1 X116.785 Y102.568 E.01357
G1 X97.013 Y122.34 E.92994
M73 P89 R0
G1 X96.724 Y122.051 E.01357
G1 X116.496 Y102.279 E.92994
G1 X116.207 Y101.991 E.01357
G1 X96.436 Y121.762 E.92994
G1 X96.147 Y121.474 E.01357
G1 X115.919 Y101.702 E.92994
G1 X115.63 Y101.413 E.01357
G1 X95.858 Y121.185 E.92994
G1 X95.653 Y120.98 E.00965
G1 X95.597 Y120.87 E.00412
G1 X115.342 Y101.125 E.92866
G1 X115.053 Y100.836 E.01357
G1 X95.402 Y120.487 E.92425
G1 X95.207 Y120.105 E.01427
G1 X114.764 Y100.548 E.91985
G1 X114.476 Y100.259 E.01357
G1 X95.012 Y119.723 E.91544
G1 X94.817 Y119.34 E.01427
G1 X114.187 Y99.97 E.91103
G1 X113.899 Y99.682 E.01357
G1 X94.623 Y118.958 E.90662
G1 X94.428 Y118.576 E.01427
G1 X113.61 Y99.393 E.90221
G1 X113.321 Y99.105 E.01357
M73 P90 R0
G1 X94.31 Y118.116 E.89417
G1 X94.231 Y117.618 E.01678
G1 X113.033 Y98.816 E.8843
G1 X112.744 Y98.528 E.01357
G1 X94.152 Y117.119 E.87444
G1 X94.074 Y116.621 E.01678
G1 X112.456 Y98.239 E.86457
G1 X112.167 Y97.95 E.01357
G1 X93.995 Y116.123 E.85471
G1 X93.923 Y115.618 E.01696
G1 X111.879 Y97.662 E.84453
G1 X111.59 Y97.373 E.01357
G1 X94.031 Y114.932 E.82586
G1 X94.14 Y114.246 E.02309
G1 X111.301 Y97.085 E.80718
G1 X111.013 Y96.796 E.01357
G1 X94.248 Y113.561 E.7885
G1 X94.357 Y112.875 E.02309
G1 X110.724 Y96.507 E.76982
G1 X110.436 Y96.219 E.01357
G1 X94.929 Y111.726 E.72935
G1 X95.529 Y110.549 E.04394
G1 X110.147 Y95.93 E.68755
G1 X109.858 Y95.642 E.01357
M73 P91 R0
G1 X96.65 Y108.85 E.62123
; stop printing object Incredible Jarv-Jaban.stl id:0 copy 0
;LAYER_CHANGE
;Z:3
;HEIGHT:0.2
;BEFORE_LAYER_CHANGE
;3
G92 E0

G1 E-.5 F1800
;WIPE_START
G1 F12000
G1 X98.064 Y107.436
;WIPE_END
EXCLUDE_OBJECT_END NAME=Incredible_Jarv-Jaban.stl_id_0_copy_0
;_SET_FAN_SPEED_CHANGING_LAYER
; printing object Incredible Jarv-Jaban.stl id:0 copy 0
EXCLUDE_OBJECT_START NAME=Incredible_Jarv-Jaban.stl_id_0_copy_0
G1 Z3 F24000
G1 X110.029 Y122.009 Z3
G1 E.5 F1800
;TYPE:Inner wall
;WIDTH:0.449999
G1 F13265.237
G1 X109.824 Y122.026 E.00681
G1 X109.589 Y122.169 E.00912
G1 X108.52 Y123.239 E.05019
G1 X105.902 Y124.573 E.09748
G1 X103 Y125.032 E.09745
G1 X100.098 Y124.573 E.09745
G1 X97.48 Y123.239 E.09748
G1 X95.403 Y121.162 E.09745
G1 X94.069 Y118.544 E.09748
G1 X93.61 Y115.642 E.09745
G1 X94.069 Y112.74 E.09745
G1 X95.403 Y110.122 E.09748
G1 X96.413 Y109.113 E.04737
G1 X96.545 Y108.841 E.01001
G1 X96.471 Y108.597 E.00848
G1 X109.858 Y95.209 E.62803
G1 X123.39 Y108.741 E.6348
G1 X123.372 Y108.863 E.00409
G1 X123.472 Y108.998 E.00556
G1 X124.597 Y110.122 E.05277
G1 X125.931 Y112.74 E.09748
G1 X126.39 Y115.642 E.09745
G1 X125.931 Y118.544 E.09745
G1 X124.597 Y121.162 E.09748
G1 X122.52 Y123.239 E.09745
G1 X119.902 Y124.573 E.09748
G1 X117 Y125.032 E.09745
G1 X114.098 Y124.573 E.09745
G1 X111.48 Y123.239 E.09748
G1 X110.356 Y122.115 E.05274
G1 X110.079 Y122.004 E.0099
G1 X110.069 Y122.005 E.00033
G1 X110.011 Y122.391 F24000
SET_VELOCITY_LIMIT ACCEL=4000
;TYPE:Outer wall
;WIDTH:0.419999
G1 F12000
G1 X109.867 Y122.446 E.00476
G1 X108.753 Y123.56 E.04839
G1 X106.024 Y124.951 E.09411
G1 X103 Y125.429 E.09408
G1 X99.976 Y124.951 E.09408
G1 X97.247 Y123.56 E.09411
G1 X95.082 Y121.395 E.09408
G1 X93.691 Y118.666 E.09411
G1 X93.213 Y115.642 E.09408
G1 X93.691 Y112.618 E.09408
G1 X95.082 Y109.889 E.09411
G1 X96.149 Y108.822 E.04638
G1 X96.109 Y108.596 E.00706
M73 P92 R0
G1 X96.013 Y108.5 E.00416
G1 X109.858 Y94.655 E.60163
G1 X123.738 Y108.535 E.60313
G1 X123.717 Y108.677 E.00441
G1 X123.749 Y108.72 E.00167
G1 X124.918 Y109.889 E.05078
G1 X126.309 Y112.618 E.09411
G1 X126.787 Y115.642 E.09408
G1 X126.309 Y118.666 E.09408
G1 X124.918 Y121.395 E.09411
G1 X122.753 Y123.56 E.09408
G1 X120.024 Y124.951 E.09411
G1 X117 Y125.429 E.09408
G1 X113.976 Y124.951 E.09408
G1 X111.247 Y123.56 E.09411
G1 X110.165 Y122.478 E.04702
G1 X110.046 Y122.411 E.00418
G1 E-.5 F1800
;WIPE_START
G1 F12000
G1 X109.867 Y122.446
G1 X108.753 Y123.56
G1 X108.537 Y123.67
;WIPE_END
SET_VELOCITY_LIMIT ACCEL=5000
G1 Z3.2 F24000
G1 X124.568 Y110.33
G1 Z3.2
G1 Z3
G1 E.5 F1800
;TYPE:Top surface
;WIDTH:0.421167
G1 F14276.385
G1 X109.738 Y95.5 E.64643
G1 X109.47 Y95.768 F24000
G1 F14276.385
G1 X125.124 Y111.421 E.68233
G1 X125.68 Y112.512 F24000
G1 F14276.385
G1 X109.203 Y96.035 E.71822
G1 X108.935 Y96.303 F24000
G1 F14276.385
G1 X125.891 Y113.259 E.7391
G1 X125.992 Y113.894 F24000
G1 F14276.385
G1 X108.668 Y96.57 E.75514
G1 X108.4 Y96.838 F24000
G1 F14276.385
G1 X126.092 Y114.53 E.77119
G1 X126.193 Y115.165 F24000
G1 F14276.385
M73 P93 R0
G1 X108.133 Y97.105 E.78723
G1 X107.865 Y97.373 F24000
G1 F14276.385
G1 X126.25 Y115.757 E.80138
G1 X126.177 Y116.219 F24000
G1 F14276.385
G1 X107.598 Y97.64 E.80985
G1 X107.33 Y97.908 F24000
G1 F14276.385
G1 X126.104 Y116.681 E.81832
G1 X126.031 Y117.143 F24000
G1 F14276.385
G1 X107.063 Y98.175 E.8268
G1 X106.795 Y98.443 F24000
G1 F14276.385
G1 X125.958 Y117.605 E.83527
G1 X125.885 Y118.067 F24000
G1 F14276.385
G1 X106.528 Y98.71 E.84374
G1 X106.261 Y98.977 F24000
G1 F14276.385
G1 X125.806 Y118.523 E.85198
G1 X125.626 Y118.878 F24000
G1 F14276.385
G1 X105.993 Y99.245 E.85577
G1 X105.726 Y99.512 F24000
G1 F14276.385
G1 X125.445 Y119.232 E.85956
G1 X125.264 Y119.586 F24000
G1 F14276.385
G1 X105.458 Y99.78 E.86334
G1 X105.191 Y100.047 F24000
G1 F14276.385
G1 X125.084 Y119.94 E.86713
G1 X124.903 Y120.295 F24000
G1 F14276.385
M73 P94 R0
G1 X104.923 Y100.315 E.87092
G1 X104.656 Y100.582 F24000
G1 F14276.385
G1 X124.723 Y120.649 E.8747
G1 X124.542 Y121.003 F24000
G1 F14276.385
G1 X104.388 Y100.85 E.87849
G1 X104.121 Y101.117 F24000
G1 F14276.385
G1 X124.296 Y121.292 E.87941
G1 X124.028 Y121.56 F24000
G1 F14276.385
G1 X103.853 Y101.385 E.87941
G1 X103.586 Y101.652 F24000
G1 F14276.385
G1 X123.761 Y121.827 E.87941
G1 X123.493 Y122.094 F24000
G1 F14276.385
G1 X103.319 Y101.92 E.87941
G1 X103.051 Y102.187 F24000
G1 F14276.385
G1 X123.226 Y122.362 E.87941
G1 X122.959 Y122.629 F24000
G1 F14276.385
G1 X102.784 Y102.454 E.87941
G1 X102.516 Y102.722 F24000
G1 F14276.385
G1 X122.691 Y122.897 E.87941
G1 X122.416 Y123.156 F24000
G1 F14276.385
G1 X102.249 Y102.989 E.87907
G1 X101.981 Y103.257 F24000
G1 F14276.385
G1 X122.061 Y123.337 E.87528
G1 X121.707 Y123.518 F24000
G1 F14276.385
M73 P95 R0
G1 X101.714 Y103.524 E.8715
G1 X101.446 Y103.792 F24000
G1 F14276.385
G1 X121.353 Y123.698 E.86771
G1 X120.998 Y123.879 F24000
G1 F14276.385
G1 X101.179 Y104.059 E.86392
G1 X100.911 Y104.327 F24000
G1 F14276.385
G1 X120.644 Y124.059 E.86014
G1 X120.29 Y124.24 F24000
G1 F14276.385
G1 X100.644 Y104.594 E.85635
G1 X100.376 Y104.862 F24000
G1 F14276.385
G1 X119.935 Y124.421 E.85256
G1 X119.495 Y124.515 F24000
G1 F14276.385
G1 X100.109 Y105.129 E.84504
G1 X99.842 Y105.397 F24000
G1 F14276.385
G1 X119.033 Y124.589 E.83657
G1 X118.572 Y124.662 F24000
G1 F14276.385
G1 X99.574 Y105.664 E.82809
G1 X99.307 Y105.931 F24000
G1 F14276.385
G1 X118.11 Y124.735 E.81962
G1 X117.648 Y124.808 F24000
G1 F14276.385
G1 X99.039 Y106.199 E.81115
G1 X98.772 Y106.466 F24000
G1 F14276.385
G1 X117.186 Y124.881 E.80267
G1 X116.621 Y124.85 F24000
G1 F14276.385
M73 P96 R0
G1 X98.504 Y106.734 E.78968
G1 X98.237 Y107.001 F24000
G1 F14276.385
G1 X115.985 Y124.75 E.77364
G1 X115.35 Y124.649 F24000
G1 F14276.385
G1 X97.969 Y107.269 E.7576
G1 X97.702 Y107.536 F24000
G1 F14276.385
G1 X114.714 Y124.549 E.74156
G1 X114.037 Y124.407 F24000
G1 F14276.385
G1 X97.434 Y107.804 E.72372
G1 X97.167 Y108.071 F24000
G1 F14276.385
G1 X112.947 Y123.851 E.68782
G1 X111.856 Y123.295 F24000
G1 F14276.385
G1 X96.899 Y108.339 E.65193
G1 X96.632 Y108.606 F24000
G1 F14276.385
G1 X109.914 Y121.888 E.57897
G1 X109.541 Y122.05 F24000
G1 F14276.385
G1 X96.577 Y109.086 E.56513
G1 X96.326 Y109.37 F24000
G1 F14276.385
G1 X109.273 Y122.317 E.56437
G1 X109.005 Y122.584 F24000
G1 F14276.385
G1 X96.059 Y109.637 E.56435
G1 X95.791 Y109.905 F24000
G1 F14276.385
G1 X108.738 Y122.851 E.56433
G1 X108.47 Y123.118 F24000
G1 F14276.385
G1 X95.524 Y110.172 E.56431
G1 X95.336 Y110.52 F24000
G1 F14276.385
G1 X108.122 Y123.306 E.55735
G1 X107.768 Y123.487 F24000
G1 F14276.385
M73 P97 R0
G1 X95.155 Y110.874 E.54978
G1 X94.975 Y111.228 F24000
G1 F14276.385
G1 X107.414 Y123.667 E.5422
G1 X107.059 Y123.848 F24000
G1 F14276.385
G1 X94.794 Y111.583 E.53463
G1 X94.614 Y111.937 F24000
G1 F14276.385
G1 X106.705 Y124.028 E.52706
G1 X106.351 Y124.209 F24000
G1 F14276.385
G1 X94.433 Y112.291 E.51948
G1 X94.252 Y112.646 F24000
G1 F14276.385
G1 X105.996 Y124.39 E.51191
G1 X105.575 Y124.503 F24000
G1 F14276.385
G1 X94.139 Y113.067 E.49847
G1 X94.066 Y113.529 F24000
G1 F14276.385
G1 X105.113 Y124.576 E.48153
G1 X104.651 Y124.649 F24000
G1 F14276.385
G1 X93.993 Y113.991 E.46458
G1 X93.92 Y114.453 F24000
G1 F14276.385
G1 X104.189 Y124.722 E.44763
G1 X103.727 Y124.795 F24000
G1 F14276.385
G1 X93.847 Y114.915 E.43069
G1 X93.774 Y115.376 F24000
G1 F14276.385
G1 X103.266 Y124.868 E.41374
G1 X102.73 Y124.868 F24000
G1 F14276.385
G1 X93.774 Y115.912 E.39037
G1 X93.875 Y116.548 F24000
G1 F14276.385
G1 X102.094 Y124.767 E.35828
G1 X101.459 Y124.666 F24000
G1 F14276.385
G1 X93.976 Y117.183 E.3262
G1 X94.076 Y117.819 F24000
G1 F14276.385
G1 X100.823 Y124.566 E.29411
G1 X100.188 Y124.465 F24000
G1 F14276.385
G1 X94.177 Y118.454 E.26203
M73 P98 R0
G1 X94.696 Y119.508 F24000
G1 F14276.385
G1 X99.134 Y123.946 E.19348
G1 X98.043 Y123.39 F24000
G1 F14276.385
G1 X95.252 Y120.599 E.12168
; stop printing object Incredible Jarv-Jaban.stl id:0 copy 0
G1 E-.5 F1800
;WIPE_START
G1 F12000
G1 X96.666 Y122.013
;WIPE_END
EXCLUDE_OBJECT_END NAME=Incredible_Jarv-Jaban.stl_id_0_copy_0
M106 S0
;TYPE:Custom
; filament end gcode 
G91 ;Relative positionning
G1 E-2 F2700 ;Retract a bit
G1 E-2 Z0.2 F2400 ;Retract and raise Z
G1 X5 Y5 F3000 ;Wipe out
G1 Z25 ;Raise Z more
G90 ;Absolute positionning
G1 X2 Y218 F3000 ;Present print
M106 S0 ;Turn-off fan
M104 S0 ;Turn-off hotend
M140 S0 ;Turn-off bed
M84 X Y E ;Disable all steppers but Z
M73 P100 R0
; EXECUTABLE_BLOCK_END

; filament used [mm] = 591.19
; filament used [cm3] = 1.42
; filament used [g] = 1.76
; filament cost = 0.04; total filament used [g] = 1.76
; total filament cost = 0.04
; total layers count = 15
; estimated printing time (normal mode) = 3m 29s

; CONFIG_BLOCK_START
; accel_to_decel_enable = 0
; accel_to_decel_factor = 50%
; activate_air_filtration = 0
; activate_chamber_temp_control = 0
; adaptive_bed_mesh_margin = 0
; additional_cooling_fan_speed = 70
; alternate_extra_wall = 0
; auxiliary_fan = 0
; bbl_calib_mark_logo = 1
; bbl_use_printhost = 0
; bed_custom_model = 
; bed_custom_texture = 
; bed_exclude_area = 0x0
; bed_mesh_max = 99999,99999
; bed_mesh_min = -99999,-99999
; bed_mesh_probe_distance = 50,50
; before_layer_change_gcode = ;BEFORE_LAYER_CHANGE\n;[layer_z]\nG92 E0\n
; best_object_pos = 0.5,0.5
; bottom_shell_layers = 4
; bottom_shell_thickness = 0
; bottom_solid_infill_flow_ratio = 1
; bottom_surface_pattern = monotonic
; bridge_acceleration = 50%
; bridge_angle = 0
; bridge_density = 100%
; bridge_flow = 1
; bridge_no_support = 0
; bridge_speed = 65
; brim_ears_detection_length = 1
; brim_ears_max_angle = 125
; brim_object_gap = 0.1
; brim_type = no_brim
; brim_width = 5
; chamber_temperature = 0
; change_extrusion_role_gcode = 
; change_filament_gcode = M600
; close_fan_the_first_x_layers = 1
; complete_print_exhaust_fan_speed = 80
; cool_plate_temp = 55
; cool_plate_temp_initial_layer = 55
; cooling_tube_length = 5
; cooling_tube_retraction = 91.5
; counterbore_hole_bridging = none
; curr_bed_type = High Temp Plate
; default_acceleration = 5000
; default_filament_colour = ""
; default_filament_profile = "Creality Generic PLA @Ender-3V3-all"
; default_jerk = 7
; default_print_profile = 0.20mm Standard @Creality Ender3V3KE
; deretraction_speed = 0
; detect_narrow_internal_solid_infill = 1
; detect_overhang_wall = 1
; detect_thin_wall = 1
; disable_m73 = 0
; dont_filter_internal_bridges = disabled
; dont_slow_down_outer_wall = 0
; draft_shield = disabled
; during_print_exhaust_fan_speed = 60
; elefant_foot_compensation = 0.05
; elefant_foot_compensation_layers = 1
; emit_machine_limits_to_gcode = 1
; enable_arc_fitting = 0
; enable_filament_ramming = 1
; enable_long_retraction_when_cut = 0
; enable_overhang_bridge_fan = 1
; enable_overhang_speed = 1
; enable_pressure_advance = 0
; enable_prime_tower = 0
; enable_support = 0
; enforce_support_layers = 0
; eng_plate_temp = 55
; eng_plate_temp_initial_layer = 55
; ensure_vertical_shell_thickness = ensure_all
; exclude_object = 1
; extra_loading_move = -2
; extra_perimeters_on_overhangs = 0
; extruder_clearance_height_to_lid = 34
; extruder_clearance_height_to_rod = 47
; extruder_clearance_radius = 90
; extruder_colour = #FCE94F
; extruder_offset = 0x0
; fan_cooling_layer_time = 100
; fan_kickstart = 0
; fan_max_speed = 100
; fan_min_speed = 100
; fan_speedup_overhangs = 1
; fan_speedup_time = 0
; filament_colour = #26A69A
; filament_cooling_final_speed = 3.4
; filament_cooling_initial_speed = 2.2
; filament_cooling_moves = 4
; filament_cost = 20
; filament_density = 1.24
; filament_diameter = 1.75
; filament_end_gcode = "; filament end gcode \n"
; filament_flow_ratio = 0.98
; filament_ids = GFL99
; filament_is_support = 0
; filament_load_time = 0
; filament_loading_speed = 28
; filament_loading_speed_start = 3
; filament_max_volumetric_speed = 18
; filament_minimal_purge_on_wipe_tower = 15
; filament_multitool_ramming = 0
; filament_multitool_ramming_flow = 10
; filament_multitool_ramming_volume = 10
; filament_notes = ""
; filament_ramming_parameters = "120 100 6.6 6.8 7.2 7.6 7.9 8.2 8.7 9.4 9.9 10.0| 0.05 6.6 0.45 6.8 0.95 7.8 1.45 8.3 1.95 9.7 2.45 10 2.95 7.6 3.45 7.6 3.95 7.6 4.45 7.6 4.95 7.6"
; filament_settings_id = "Creality Generic PLA @Ender-3V3-all"
; filament_shrink = 100%
; filament_soluble = 0
; filament_start_gcode = "; filament start gcode\n"
; filament_toolchange_delay = 0
; filament_type = PLA
; filament_unload_time = 0
; filament_unloading_speed = 90
; filament_unloading_speed_start = 100
; filament_vendor = Generic
; filename_format = {input_filename_base}_{filament_type[initial_tool]}_{print_time}.gcode
; filter_out_gap_fill = 0
; first_layer_print_sequence = 0
; flush_into_infill = 0
; flush_into_objects = 0
; flush_into_support = 1
; flush_multiplier = 0.3
; flush_volumes_matrix = 0
; flush_volumes_vector = 140,140
; full_fan_speed_layer = 0
; fuzzy_skin = none
; fuzzy_skin_first_layer = 0
; fuzzy_skin_point_distance = 0.8
; fuzzy_skin_thickness = 0.3
; gap_fill_target = nowhere
; gap_infill_speed = 200
; gcode_add_line_number = 0
; gcode_comments = 0
; gcode_flavor = klipper
; gcode_label_objects = 1
; has_scarf_joint_seam = 0
; head_wrap_detect_zone = 
; high_current_on_filament_swap = 0
; hole_to_polyhole = 0
; hole_to_polyhole_threshold = 0.01
; hole_to_polyhole_twisted = 1
; host_type = octoprint
; hot_plate_temp = 55
; hot_plate_temp_initial_layer = 55
; independent_support_layer_height = 1
; infill_anchor = 400%
; infill_anchor_max = 20
; infill_combination = 0
; infill_direction = 45
; infill_jerk = 7
; infill_wall_overlap = 25%
; inherits_group = ;;"Creality Ender-3 V3 KE 0.4 nozzle"
; initial_layer_acceleration = 1000
; initial_layer_infill_speed = 105
; initial_layer_jerk = 7
; initial_layer_line_width = 0.5
; initial_layer_min_bead_width = 85%
; initial_layer_print_height = 0.2
; initial_layer_speed = 50
; initial_layer_travel_speed = 100%
; inner_wall_acceleration = 5000
; inner_wall_jerk = 7
; inner_wall_line_width = 0.45
; inner_wall_speed = 300
; interface_shells = 0
; internal_bridge_flow = 1
; internal_bridge_speed = 150%
; internal_solid_infill_acceleration = 100%
; internal_solid_infill_line_width = 0.45
; internal_solid_infill_pattern = monotonic
; internal_solid_infill_speed = 300
; ironing_angle = -1
; ironing_flow = 15%
; ironing_pattern = zig-zag
; ironing_spacing = 0.1
; ironing_speed = 44
; ironing_type = no ironing
; is_infill_first = 0
; layer_change_gcode = 
; layer_height = 0.2
; line_width = 0.42
; long_retractions_when_cut = 0
; machine_end_gcode = G91 ;Relative positionning\nG1 E-2 F2700 ;Retract a bit\nG1 E-2 Z0.2 F2400 ;Retract and raise Z\nG1 X5 Y5 F3000 ;Wipe out\nG1 Z{if max_layer_z < 50}25{else}5{endif} ;Raise Z more\nG90 ;Absolute positionning\nG1 X2 Y218 F3000 ;Present print\nM106 S0 ;Turn-off fan\nM104 S0 ;Turn-off hotend\nM140 S0 ;Turn-off bed\nM84 X Y E ;Disable all steppers but Z
; machine_load_filament_time = 11
; machine_max_acceleration_e = 5000,5000
; machine_max_acceleration_extruding = 8000,8000
; machine_max_acceleration_retracting = 5000,5000
; machine_max_acceleration_travel = 8000,8000
; machine_max_acceleration_x = 8000,8000
; machine_max_acceleration_y = 8000,8000
; machine_max_acceleration_z = 300,300
; machine_max_jerk_e = 5,5
; machine_max_jerk_x = 7,7
; machine_max_jerk_y = 7,7
; machine_max_jerk_z = 0.4,0.4
; machine_max_speed_e = 40,40
; machine_max_speed_x = 500,500
; machine_max_speed_y = 500,500
; machine_max_speed_z = 30,30
; machine_min_extruding_rate = 0,0
; machine_min_travel_rate = 0,0
; machine_pause_gcode = PAUSE
; machine_start_gcode = SET_GCODE_VARIABLE MACRO=PRINTER_PARAM VARIABLE=fan0_min VALUE=30 ;compensate for fan speed\nSET_VELOCITY_LIMIT ACCEL_TO_DECEL=2500 ;revert accel_to_decel back to 2500\nM220 S100 ;Reset Feedrate\nM221 S100 ;Reset Flowrate\n\nM140 S[bed_temperature_initial_layer_single] ;Set bed temp\nG28 X Y ;Home XY axes\nM190 S[bed_temperature_initial_layer_single] ;Wait for bed temp to stabilize\nG28 Z ;Home Z axis & load bed mesh\nBED_MESH_CALIBRATE PROBE_COUNT=6,6 ;Auto bed level\n\nM104 S[nozzle_temperature_initial_layer] ;Set nozzle temp\nG92 E0 ;Reset Extruder\nG1 X-2.0 Y20 Z0.3 F5000.0 ;Move to start position\nM109 S[nozzle_temperature_initial_layer] ;Wait for nozzle temp to stabilize\nG1 Z0.2 ;Lower nozzle to printing height\nG1 Y145.0 F1500.0 E15 ;Draw the first line\nG1 X-1.7 F5000.0 ;Move to side a little\nG1 Y30 F1500.0 E15 ;Draw the second line\nG92 E0 ;Reset Extruder
; machine_unload_filament_time = 0
; make_overhang_printable = 0
; make_overhang_printable_angle = 55
; make_overhang_printable_hole_size = 0
; manual_filament_change = 1
; max_bridge_length = 10
; max_layer_height = 0.32
; max_travel_detour_distance = 0
; max_volumetric_extrusion_rate_slope = 0
; max_volumetric_extrusion_rate_slope_segment_length = 3
; min_bead_width = 85%
; min_feature_size = 25%
; min_layer_height = 0.08
; min_length_factor = 0.5
; min_skirt_length = 0
; min_width_top_surface = 300%
; minimum_sparse_infill_area = 10
; mmu_segmented_region_interlocking_depth = 0
; mmu_segmented_region_max_width = 0
; notes = 
; nozzle_diameter = 0.4
; nozzle_height = 4
; nozzle_hrc = 0
; nozzle_temperature = 220
; nozzle_temperature_initial_layer = 220
; nozzle_temperature_range_high = 230
; nozzle_temperature_range_low = 190
; nozzle_type = brass
; nozzle_volume = 0
; only_one_wall_first_layer = 0
; only_one_wall_top = 0
; ooze_prevention = 0
; other_layers_print_sequence = 0
; other_layers_print_sequence_nums = 0
; outer_wall_acceleration = 4000
; outer_wall_jerk = 7
; outer_wall_line_width = 0.42
; outer_wall_speed = 200
; overhang_1_4_speed = 0
; overhang_2_4_speed = 50
; overhang_3_4_speed = 35
; overhang_4_4_speed = 10
; overhang_fan_speed = 100
; overhang_fan_threshold = 50%
; overhang_reverse = 0
; overhang_reverse_internal_only = 0
; overhang_reverse_threshold = 50%
; overhang_speed_classic = 0
; parking_pos_retraction = 92
; post_process = 
; precise_outer_wall = 0
; precise_z_height = 0
; preferred_orientation = 0
; pressure_advance = 0.02
; prime_tower_brim_width = 3
; prime_tower_width = 60
; prime_volume = 45
; print_compatible_printers = "Creality Ender-3 V3 KE 0.4 nozzle"
; print_flow_ratio = 1
; print_order = default
; print_sequence = by layer
; print_settings_id = 0.20mm Standard @Creality Ender3V3KE
; printable_area = 0x0,220x0,220x220,0x220
; printable_height = 240
; printer_model = Creality Ender-3 V3 KE
; printer_notes = 
; printer_settings_id = Creality Ender-3 V3 KE 0.4 nozzle - Másolat
; printer_structure = i3
; printer_technology = FFF
; printer_variant = 0.4
; printhost_authorization_type = key
; printhost_ssl_ignore_revoke = 0
; printing_by_object_gcode = 
; purge_in_prime_tower = 1
; raft_contact_distance = 0.1
; raft_expansion = 1.5
; raft_first_layer_density = 90%
; raft_first_layer_expansion = 2
; raft_layers = 0
; reduce_crossing_wall = 0
; reduce_fan_stop_start_freq = 1
; reduce_infill_retraction = 1
; required_nozzle_HRC = 0
; resolution = 0.012
; retract_before_wipe = 100%
; retract_length_toolchange = 1
; retract_lift_above = 0
; retract_lift_below = 0
; retract_lift_enforce = All Surfaces
; retract_restart_extra = 0
; retract_restart_extra_toolchange = 0
; retract_when_changing_layer = 1
; retraction_distances_when_cut = 18
; retraction_length = 0.5
; retraction_minimum_travel = 2
; retraction_speed = 30
; role_based_wipe_speed = 0
; rotate_solid_infill_direction = 1
; scan_first_layer = 0
; scarf_angle_threshold = 155
; scarf_joint_flow_ratio = 1
; scarf_joint_speed = 100%
; scarf_overhang_threshold = 40%
; seam_gap = 10%
; seam_position = aligned
; seam_slope_conditional = 0
; seam_slope_entire_loop = 0
; seam_slope_inner_walls = 0
; seam_slope_min_length = 20
; seam_slope_start_height = 0
; seam_slope_steps = 10
; seam_slope_type = none
; silent_mode = 0
; single_extruder_multi_material = 1
; single_extruder_multi_material_priming = 1
; skirt_distance = 2
; skirt_height = 2
; skirt_loops = 0
; skirt_speed = 50
; slice_closing_radius = 0.049
; slicing_mode = regular
; slow_down_for_layer_cooling = 1
; slow_down_layer_time = 8
; slow_down_layers = 0
; slow_down_min_speed = 20
; slowdown_for_curled_perimeters = 0
; small_area_infill_flow_compensation = 0
; small_area_infill_flow_compensation_model = 0,0;"\n0.2,0.4444";"\n0.4,0.6145";"\n0.6,0.7059";"\n0.8,0.7619";"\n1.5,0.8571";"\n2,0.8889";"\n3,0.9231";"\n5,0.9520";"\n10,1"
; small_perimeter_speed = 50%
; small_perimeter_threshold = 0
; solid_infill_direction = 45
; solid_infill_filament = 1
; sparse_infill_acceleration = 100%
; sparse_infill_density = 15%
; sparse_infill_filament = 1
; sparse_infill_line_width = 0.45
; sparse_infill_pattern = crosshatch
; sparse_infill_speed = 300
; spiral_mode = 0
; spiral_mode_max_xy_smoothing = 200%
; spiral_mode_smooth = 0
; staggered_inner_seams = 0
; standby_temperature_delta = -5
; start_end_points = 30x-3,54x245
; support_air_filtration = 0
; support_angle = 0
; support_base_pattern = rectilinear
; support_base_pattern_spacing = 2.5
; support_bottom_interface_spacing = 0.5
; support_bottom_z_distance = 0.2
; support_chamber_temp_control = 0
; support_critical_regions_only = 0
; support_expansion = 0
; support_filament = 0
; support_interface_bottom_layers = -1
; support_interface_filament = 0
; support_interface_loop_pattern = 0
; support_interface_not_for_body = 1
; support_interface_pattern = auto
; support_interface_spacing = 0.5
; support_interface_speed = 80
; support_interface_top_layers = 2
; support_line_width = 0.42
; support_material_interface_fan_speed = -1
; support_multi_bed_types = 0
; support_object_xy_distance = 0.35
; support_on_build_plate_only = 0
; support_remove_small_overhang = 1
; support_speed = 200
; support_style = grid
; support_threshold_angle = 30
; support_top_z_distance = 0.16
; support_type = normal(auto)
; temperature_vitrification = 60
; template_custom_gcode = 
; textured_plate_temp = 55
; textured_plate_temp_initial_layer = 55
; thick_bridges = 0
; thick_internal_bridges = 1
; thumbnails = 96x96/PNG, 300x300/PNG
; thumbnails_format = PNG
; time_cost = 0
; time_lapse_gcode = 
; timelapse_type = 0
; top_bottom_infill_wall_overlap = 25%
; top_shell_layers = 4
; top_shell_thickness = 0.8
; top_solid_infill_flow_ratio = 1
; top_surface_acceleration = 5000
; top_surface_jerk = 7
; top_surface_line_width = 0.42
; top_surface_pattern = monotonicline
; top_surface_speed = 250
; travel_acceleration = 5000
; travel_jerk = 7
; travel_speed = 400
; travel_speed_z = 0
; tree_support_adaptive_layer_height = 1
; tree_support_angle_slow = 25
; tree_support_auto_brim = 1
; tree_support_branch_angle = 40
; tree_support_branch_angle_organic = 40
; tree_support_branch_diameter = 5
; tree_support_branch_diameter_angle = 5
; tree_support_branch_diameter_double_wall = 3
; tree_support_branch_diameter_organic = 2
; tree_support_branch_distance = 5
; tree_support_branch_distance_organic = 1
; tree_support_brim_width = 3
; tree_support_tip_diameter = 0.8
; tree_support_top_rate = 30%
; tree_support_wall_count = 0
; upward_compatible_machine = 
; use_firmware_retraction = 0
; use_relative_e_distances = 1
; wall_direction = auto
; wall_distribution_count = 1
; wall_filament = 1
; wall_generator = arachne
; wall_loops = 2
; wall_sequence = inner wall/outer wall
; wall_transition_angle = 10
; wall_transition_filter_deviation = 25%
; wall_transition_length = 100%
; wipe = 1
; wipe_before_external_loop = 0
; wipe_distance = 2
; wipe_on_loops = 0
; wipe_speed = 200
; wipe_tower_bridging = 10
; wipe_tower_cone_angle = 0
; wipe_tower_extra_spacing = 100%
; wipe_tower_extruder = 0
; wipe_tower_max_purge_speed = 90
; wipe_tower_no_sparse_layers = 0
; wipe_tower_rotation_angle = 0
; wipe_tower_x = 0.000
; wipe_tower_y = 250.000
; wiping_volumes_extruders = 70,70,70,70,70,70,70,70,70,70
; xy_contour_compensation = 0
; xy_hole_compensation = 0.025
; z_hop = 0.2
; z_hop_types = Normal Lift
; z_offset = 0
; first_layer_bed_temperature = 55
; bed_shape = 0x0,220x0,220x220,0x220
; first_layer_temperature = 220
; first_layer_height = 0.200
; CONFIG_BLOCK_END


